time,open,high,low,close,SPY
1308700800,2.62,2.62,2.62,2.62,128.67
1308787200,2.58,2.58,2.58,2.58,128.30099
1308873600,2.53,2.53,2.53,2.53,126.81
1309132800,2.54,2.54,2.54,2.54,127.94
1309219200,2.57,2.57,2.57,2.57,129.61
1309305600,2.67,2.67,2.67,2.67,130.72
1309392000,2.73,2.73,2.73,2.73,131.97
1309478400,2.72,2.72,2.72,2.72,133.92
1309824000,2.72,2.72,2.72,2.72,133.81
1309910400,2.69,2.69,2.69,2.69,133.97
1309996800,2.68,2.68,2.68,2.68,135.36
1310083200,2.63,2.63,2.63,2.63,134.39999
1310342400,2.57,2.57,2.57,2.57,131.97
1310428800,2.55,2.55,2.55,2.55,131.39999
1310515200,2.55,2.55,2.55,2.55,131.84
1310601600,2.6,2.6,2.6,2.6,130.92999
1310688000,2.57,2.57,2.57,2.57,131.69
1310947200,2.57,2.57,2.57,2.57,130.61
1311033600,2.52,2.52,2.52,2.52,132.73
1311120000,2.56,2.56,2.56,2.56,132.64999
1311206400,2.63,2.63,2.63,2.63,134.49001
1311292800,2.59,2.59,2.59,2.59,134.58
1311552000,2.61,2.61,2.61,2.61,133.83
1311638400,2.58,2.58,2.58,2.58,133.33
1311724800,2.57,2.57,2.57,2.57,130.60001
1311811200,2.56,2.56,2.56,2.56,130.22
1311897600,2.46,2.46,2.46,2.46,129.33
1312156800,2.39,2.39,2.39,2.39,128.78
1312243200,2.33,2.33,2.33,2.33,125.49001
1312329600,2.31,2.31,2.31,2.31,126.17
1312416000,2.2,2.2,2.2,2.2,120.25999
1312502400,2.3,2.3,2.3,2.3,120.08
1312761600,2.13,2.13,2.13,2.13,112.25999
1312848000,2.01,2.01,2.01,2.01,117.48
1312934400,1.98,1.98,1.98,1.98,112.28999
1313020800,2.15,2.15,2.15,2.15,117.33
1313107200,2.04,2.04,2.04,2.04,118.12
1313366400,2.1,2.1,2.1,2.1,120.62
1313452800,2.03,2.03,2.03,2.03,119.59
1313539200,1.98,1.98,1.98,1.98,119.67
1313625600,1.88,1.88,1.88,1.88,114.50999
1313712000,1.87,1.87,1.87,1.87,112.64
1313971200,1.88,1.88,1.88,1.88,112.73
1314057600,1.93,1.93,1.93,1.93,116.44
1314144000,2.06,2.06,2.06,2.06,118.08
1314230400,2.01,2.01,2.01,2.01,116.28
1314316800,1.99,1.99,1.99,1.99,117.97
1314576000,2.08,2.08,2.08,2.08,121.36
1314662400,1.99,1.99,1.99,1.99,121.67999
1314748800,2.03,2.03,2.03,2.03,122.22
1314835200,1.96,1.96,1.96,1.96,120.94
1314921600,1.82,1.82,1.82,1.82,117.85001
1315267200,1.77,1.77,1.77,1.77,116.99001
1315353600,1.84,1.84,1.84,1.84,120.28999
1315440000,1.81,1.81,1.81,1.81,119.03999
1315526400,1.76,1.76,1.76,1.76,115.92
1315785600,1.73,1.73,1.73,1.73,116.67
1315872000,1.79,1.79,1.79,1.79,117.74001
1315958400,1.84,1.84,1.84,1.84,119.37
1316044800,1.88,1.88,1.88,1.88,121.42999
1316131200,1.9,1.9,1.9,1.9,121.521
1316390400,1.81,1.81,1.81,1.81,120.31
1316476800,1.77,1.77,1.77,1.77,120.17
1316563200,1.67,1.67,1.67,1.67,116.63
1316649600,1.52,1.52,1.52,1.52,112.86
1316736000,1.61,1.61,1.61,1.61,113.53999
1316995200,1.66,1.66,1.66,1.66,116.24001
1317081600,1.75,1.75,1.75,1.75,117.53999
1317168000,1.76,1.76,1.76,1.76,115.145
1317254400,1.72,1.72,1.72,1.72,116.05
1317340800,1.67,1.67,1.67,1.67,113.14999
1317600000,1.56,1.56,1.56,1.56,109.92999
1317686400,1.56,1.56,1.56,1.56,112.34
1317772800,1.67,1.67,1.67,1.67,114.42
1317859200,1.72,1.72,1.72,1.72,116.49001
1317945600,1.8,1.8,1.8,1.8,115.71001
1318291200,1.86,1.86,1.86,1.86,119.7
1318377600,1.95,1.95,1.95,1.95,120.75
1318464000,1.9,1.9,1.9,1.9,120.50999
1318550400,1.98,1.98,1.98,1.98,122.57001
1318809600,1.9,1.9,1.9,1.9,120.23
1318896000,1.91,1.91,1.91,1.91,122.58
1318982400,1.9,1.9,1.9,1.9,121.13
1319068800,1.92,1.92,1.92,1.92,121.66
1319155200,1.93,1.93,1.93,1.93,123.97
1319414400,1.95,1.95,1.95,1.95,125.49001
1319500800,1.88,1.88,1.88,1.88,123.049
1319587200,1.95,1.95,1.95,1.95,124.3
1319673600,2.11,2.11,2.11,2.11,128.63
1319760000,2.06,2.06,2.06,2.06,128.60001
1320019200,1.92,1.92,1.92,1.92,125.5
1320105600,1.78,1.78,1.78,1.78,122.002
1320192000,1.8,1.8,1.8,1.8,123.99001
1320278400,1.85,1.85,1.85,1.85,126.25
1320364800,1.84,1.84,1.84,1.84,125.481
1320624000,1.79,1.79,1.79,1.79,126.25999
1320710400,1.85,1.85,1.85,1.85,127.88
1320796800,1.76,1.76,1.76,1.76,123.161
1320883200,1.8,1.8,1.8,1.8,124.32001
1321228800,1.8,1.8,1.8,1.8,125.46001
1321315200,1.8,1.8,1.8,1.8,126.08299
1321401600,1.75,1.75,1.75,1.75,124.08
1321488000,1.69,1.69,1.69,1.69,122.105
1321574400,1.72,1.72,1.72,1.72,121.979
1321833600,1.7,1.7,1.7,1.7,119.661
1321920000,1.68,1.68,1.68,1.68,119.19
1322006400,1.63,1.63,1.63,1.63,116.56
1322179200,1.69,1.69,1.69,1.69,116.34
1322438400,1.71,1.71,1.71,1.71,119.71001
1322524800,1.73,1.73,1.73,1.73,120.05
1322611200,1.83,1.83,1.83,1.83,124.99001
1322697600,1.84,1.84,1.84,1.84,124.97
1322784000,1.8,1.8,1.8,1.8,124.86
1323043200,1.77,1.77,1.77,1.77,126.22
1323129600,1.83,1.83,1.83,1.83,126.25999
1323216000,1.78,1.78,1.78,1.78,126.73
1323302400,1.77,1.77,1.77,1.77,123.95
1323388800,1.85,1.85,1.85,1.85,126.05
1323648000,1.79,1.79,1.79,1.79,124.21001
1323734400,1.72,1.72,1.72,1.72,123.05
1323820800,1.67,1.67,1.67,1.67,121.74001
1323907200,1.66,1.66,1.66,1.66,122.185
1323993600,1.62,1.62,1.62,1.62,121.59
1324252800,1.58,1.58,1.58,1.58,120.28999
1324339200,1.68,1.68,1.68,1.68,123.92999
1324425600,1.7,1.7,1.7,1.7,124.17
1324512000,1.69,1.69,1.69,1.69,125.27
1324598400,1.75,1.75,1.75,1.75,126.39
1324944000,1.72,1.72,1.72,1.72,126.49001
1325030400,1.65,1.65,1.65,1.65,124.83
1325116800,1.63,1.63,1.63,1.63,126.12
1325203200,1.64,1.64,1.64,1.64,125.5
1325548800,1.7,1.7,1.7,1.7,127.495
1325635200,1.75,1.75,1.75,1.75,127.7
1325721600,1.75,1.75,1.75,1.75,128.03999
1325808000,1.73,1.73,1.73,1.73,127.71001
1326067200,1.72,1.72,1.72,1.72,128.02
1326153600,1.76,1.76,1.76,1.76,129.13
1326240000,1.69,1.69,1.69,1.69,129.2
1326326400,1.72,1.72,1.72,1.72,129.50999
1326412800,1.65,1.65,1.65,1.65,128.84
1326758400,1.66,1.66,1.66,1.66,129.34
1326844800,1.68,1.68,1.68,1.68,130.77
1326931200,1.75,1.75,1.75,1.75,131.46001
1327017600,1.79,1.79,1.79,1.79,131.53999
1327276800,1.83,1.83,1.83,1.83,131.61
1327363200,1.84,1.84,1.84,1.84,131.46001
1327449600,1.79,1.79,1.79,1.79,132.56
1327536000,1.74,1.74,1.74,1.74,131.88
1327622400,1.71,1.71,1.71,1.71,131.82001
1327881600,1.65,1.65,1.65,1.65,131.37
1327968000,1.61,1.61,1.61,1.61,131.32001
1328054400,1.64,1.64,1.64,1.64,132.47
1328140800,1.63,1.63,1.63,1.63,132.67999
1328227200,1.74,1.74,1.74,1.74,134.53999
1328486400,1.69,1.69,1.69,1.69,134.45
1328572800,1.75,1.75,1.75,1.75,134.78999
1328659200,1.74,1.74,1.74,1.74,135.19
1328745600,1.77,1.77,1.77,1.77,135.36
1328832000,1.69,1.69,1.69,1.69,134.36099
1329091200,1.7,1.7,1.7,1.7,135.36
1329177600,1.63,1.63,1.63,1.63,135.19
1329264000,1.64,1.64,1.64,1.64,134.56
1329350400,1.7,1.7,1.7,1.7,136.049
1329436800,1.72,1.72,1.72,1.72,136.41
1329782400,1.74,1.74,1.74,1.74,136.47
1329868800,1.72,1.72,1.72,1.72,136.032
1329955200,1.68,1.68,1.68,1.68,136.631
1330041600,1.67,1.67,1.67,1.67,136.92999
1330300800,1.62,1.62,1.62,1.62,137.16
1330387200,1.64,1.64,1.64,1.64,137.55901
1330473600,1.68,1.68,1.68,1.68,137.02
1330560000,1.73,1.73,1.73,1.73,137.73
1330646400,1.71,1.71,1.71,1.71,137.312
1330905600,1.69,1.69,1.69,1.69,136.75
1330992000,1.66,1.66,1.66,1.66,134.75
1331078400,1.68,1.68,1.68,1.68,135.69
1331164800,1.71,1.71,1.71,1.71,137.03999
1331251200,1.71,1.71,1.71,1.71,137.57001
1331510400,1.71,1.71,1.71,1.71,137.58
1331596800,1.79,1.79,1.79,1.79,140.062
1331683200,1.89,1.89,1.89,1.89,139.91
1331769600,1.92,1.92,1.92,1.92,140.72
1331856000,1.94,1.94,1.94,1.94,140.3
1332115200,2,2,2,2,140.85001
1332201600,1.97,1.97,1.97,1.97,140.44
1332288000,1.92,1.92,1.92,1.92,140.21001
1332374400,1.92,1.92,1.92,1.92,139.2
1332460800,1.88,1.88,1.88,1.88,139.64999
1332720000,1.9,1.9,1.9,1.9,141.61
1332806400,1.87,1.87,1.87,1.87,141.17
1332892800,1.87,1.87,1.87,1.87,140.47
1332979200,1.85,1.85,1.85,1.85,140.23
1333065600,1.9,1.9,1.9,1.9,140.81
1333324800,1.89,1.89,1.89,1.89,141.84
1333411200,1.94,1.94,1.94,1.94,141.25999
1333497600,1.9,1.9,1.9,1.9,139.86
1333584000,1.84,1.84,1.84,1.84,139.78999
1333670400,1.75,1.75,1.75,1.75,139.78999
1333929600,1.74,1.74,1.74,1.74,138.22
1334016000,1.73,1.73,1.73,1.73,135.89999
1334102400,1.75,1.75,1.75,1.75,137
1334188800,1.79,1.79,1.79,1.79,138.78999
1334275200,1.75,1.75,1.75,1.75,137.14
1334534400,1.73,1.73,1.73,1.73,137.05
1334620800,1.76,1.76,1.76,1.76,139.082
1334707200,1.73,1.73,1.73,1.73,138.61
1334793600,1.71,1.71,1.71,1.71,137.72
1334880000,1.7,1.7,1.7,1.7,137.95
1335139200,1.69,1.69,1.69,1.69,136.78999
1335225600,1.73,1.73,1.73,1.73,137.31
1335312000,1.75,1.75,1.75,1.75,139.19
1335398400,1.72,1.72,1.72,1.72,140.16
1335484800,1.7,1.7,1.7,1.7,140.39
1335744000,1.68,1.68,1.68,1.68,139.87
1335830400,1.71,1.71,1.71,1.71,140.74001
1335916800,1.69,1.69,1.69,1.69,140.325
1336003200,1.68,1.68,1.68,1.68,139.25
1336089600,1.64,1.64,1.64,1.64,137
1336348800,1.65,1.65,1.65,1.65,137.10001
1336435200,1.61,1.61,1.61,1.61,136.55
1336521600,1.6,1.6,1.6,1.6,135.74001
1336608000,1.62,1.62,1.62,1.62,136.02
1336694400,1.57,1.57,1.57,1.57,135.61
1336953600,1.49,1.49,1.49,1.49,134.11
1337040000,1.47,1.47,1.47,1.47,133.34
1337126400,1.46,1.46,1.46,1.46,132.82899
1337212800,1.38,1.38,1.38,1.38,130.86
1337299200,1.39,1.39,1.39,1.39,129.74001
1337558400,1.45,1.45,1.45,1.45,131.97
1337644800,1.49,1.49,1.49,1.49,132.2
1337731200,1.45,1.45,1.45,1.45,132.27
1337817600,1.48,1.48,1.48,1.48,132.53
1337904000,1.45,1.45,1.45,1.45,132.10001
1338249600,1.44,1.44,1.44,1.44,133.7
1338336000,1.36,1.36,1.36,1.36,131.75999
1338422400,1.32,1.32,1.32,1.32,131.47
1338508800,1.22,1.22,1.22,1.22,128.16
1338768000,1.28,1.28,1.28,1.28,128.10001
1338854400,1.32,1.32,1.32,1.32,129.07001
1338940800,1.4,1.4,1.4,1.4,131.97
1339027200,1.39,1.39,1.39,1.39,132.05
1339113600,1.37,1.37,1.37,1.37,133.10001
1339372800,1.33,1.33,1.33,1.33,131.41499
1339459200,1.37,1.37,1.37,1.37,132.92
1339545600,1.31,1.31,1.31,1.31,132.07001
1339632000,1.34,1.34,1.34,1.34,133.47
1339718400,1.31,1.31,1.31,1.31,134.14
1339977600,1.3,1.3,1.3,1.3,134.39999
1340064000,1.34,1.34,1.34,1.34,135.7
1340150400,1.33,1.33,1.33,1.33,135.48
1340236800,1.31,1.31,1.31,1.31,132.44
1340323200,1.38,1.38,1.38,1.38,133.46001
1340582400,1.32,1.32,1.32,1.32,131.32001
1340668800,1.35,1.35,1.35,1.35,131.98
1340755200,1.34,1.34,1.34,1.34,133.173
1340841600,1.29,1.29,1.29,1.29,132.78999
1340928000,1.34,1.34,1.34,1.34,136.105
1341187200,1.31,1.31,1.31,1.31,136.50999
1341273600,1.35,1.35,1.35,1.35,137.412
1341446400,1.34,1.34,1.34,1.34,136.78999
1341532800,1.3,1.3,1.3,1.3,135.49001
1341792000,1.26,1.26,1.26,1.26,135.32001
1341878400,1.26,1.26,1.26,1.26,134.14
1341964800,1.27,1.27,1.27,1.27,134.16
1342051200,1.25,1.25,1.25,1.25,133.50999
1342137600,1.27,1.27,1.27,1.27,135.75
1342396800,1.26,1.26,1.26,1.26,135.42999
1342483200,1.28,1.28,1.28,1.28,136.36
1342569600,1.3,1.3,1.3,1.3,137.37
1342656000,1.32,1.32,1.32,1.32,137.73
1342742400,1.27,1.27,1.27,1.27,136.47
1343001600,1.25,1.25,1.25,1.25,135.09
1343088000,1.22,1.22,1.22,1.22,133.925
1343174400,1.21,1.21,1.21,1.21,133.96001
1343260800,1.22,1.22,1.22,1.22,136.17
1343347200,1.33,1.33,1.33,1.33,138.675
1343606400,1.3,1.3,1.3,1.3,138.67999
1343692800,1.28,1.28,1.28,1.28,137.71001
1343779200,1.32,1.32,1.32,1.32,137.59
1343865600,1.27,1.27,1.27,1.27,136.64
1343952000,1.36,1.36,1.36,1.36,139.349
1344211200,1.35,1.35,1.35,1.35,139.62
1344297600,1.39,1.39,1.39,1.39,140.32001
1344384000,1.39,1.39,1.39,1.39,140.49001
1344470400,1.4,1.4,1.4,1.4,140.61
1344556800,1.38,1.38,1.38,1.38,140.84
1344816000,1.38,1.38,1.38,1.38,140.77
1344902400,1.46,1.46,1.46,1.46,140.78999
1344988800,1.53,1.53,1.53,1.53,140.95
1345075200,1.54,1.54,1.54,1.54,141.99001
1345161600,1.52,1.52,1.52,1.52,142.17999
1345420800,1.53,1.53,1.53,1.53,142.19
1345507200,1.49,1.49,1.49,1.49,141.75999
1345593600,1.45,1.45,1.45,1.45,141.82001
1345680000,1.42,1.42,1.42,1.42,140.66499
1345766400,1.4,1.4,1.4,1.4,141.50999
1346025600,1.37,1.37,1.37,1.37,141.53999
1346112000,1.37,1.37,1.37,1.37,141.39999
1346198400,1.39,1.39,1.39,1.39,141.50999
1346284800,1.36,1.36,1.36,1.36,140.49001
1346371200,1.35,1.35,1.35,1.35,141.16
1346716800,1.36,1.36,1.36,1.36,141.03
1346803200,1.35,1.35,1.35,1.35,140.91
1346889600,1.41,1.41,1.41,1.41,143.77
1346976000,1.42,1.42,1.42,1.42,144.33
1347235200,1.43,1.43,1.43,1.43,143.50999
1347321600,1.45,1.45,1.45,1.45,143.91
1347408000,1.52,1.52,1.52,1.52,144.39
1347494400,1.51,1.51,1.51,1.51,146.59
1347580800,1.61,1.61,1.61,1.61,147.24001
1347840000,1.6,1.6,1.6,1.6,146.74001
1347926400,1.57,1.57,1.57,1.57,146.62
1348012800,1.52,1.52,1.52,1.52,146.7
1348099200,1.53,1.53,1.53,1.53,146.71001
1348185600,1.5,1.5,1.5,1.5,145.87
1348444800,1.47,1.47,1.47,1.47,145.645
1348531200,1.43,1.43,1.43,1.43,144.10001
1348617600,1.38,1.38,1.38,1.38,143.295
1348704000,1.41,1.41,1.41,1.41,144.64
1348790400,1.42,1.42,1.42,1.42,143.97
1349049600,1.39,1.39,1.39,1.39,144.345
1349136000,1.41,1.41,1.41,1.41,144.5
1349222400,1.41,1.41,1.41,1.41,145.09
1349308800,1.47,1.47,1.47,1.47,146.125
1349395200,1.48,1.48,1.48,1.48,146.14
1349740800,1.49,1.49,1.49,1.49,144.2
1349827200,1.45,1.45,1.45,1.45,143.28
1349913600,1.42,1.42,1.42,1.42,143.36
1350000000,1.42,1.42,1.42,1.42,142.89
1350259200,1.43,1.43,1.43,1.43,144.08
1350345600,1.48,1.48,1.48,1.48,145.53999
1350432000,1.53,1.53,1.53,1.53,146.2
1350518400,1.57,1.57,1.57,1.57,145.82001
1350604800,1.49,1.49,1.49,1.49,143.3896
1350864000,1.51,1.51,1.51,1.51,143.41
1350950400,1.5,1.5,1.5,1.5,141.42
1351036800,1.51,1.51,1.51,1.51,141.02
1351123200,1.55,1.55,1.55,1.55,141.42999
1351209600,1.48,1.48,1.48,1.48,141.35001
1351468800,1.44,1.44,1.44,1.44,141.35001
1351641600,1.42,1.42,1.42,1.42,141.35001
1351728000,1.45,1.45,1.45,1.45,142.83
1351814400,1.47,1.47,1.47,1.47,141.56
1352073600,1.44,1.44,1.44,1.44,141.8486
1352160000,1.48,1.48,1.48,1.48,142.96001
1352246400,1.41,1.41,1.41,1.41,139.72
1352332800,1.35,1.35,1.35,1.35,138.03999
1352419200,1.34,1.34,1.34,1.34,138.16
1352764800,1.32,1.32,1.32,1.32,137.78999
1352851200,1.34,1.34,1.34,1.34,135.9299
1352937600,1.34,1.34,1.34,1.34,135.7
1353024000,1.34,1.34,1.34,1.34,136.37
1353283200,1.36,1.36,1.36,1.36,139.13
1353369600,1.39,1.39,1.39,1.39,139.19
1353456000,1.42,1.42,1.42,1.42,139.45
1353628800,1.41,1.41,1.41,1.41,141.35001
1353888000,1.39,1.39,1.39,1.39,141.05
1353974400,1.37,1.37,1.37,1.37,140.33
1354060800,1.36,1.36,1.36,1.36,141.46001
1354147200,1.37,1.37,1.37,1.37,142.12
1354233600,1.37,1.37,1.37,1.37,142.155
1354492800,1.38,1.38,1.38,1.38,141.45
1354579200,1.37,1.37,1.37,1.37,141.25
1354665600,1.35,1.35,1.35,1.35,141.5
1354752000,1.34,1.34,1.34,1.34,141.98
1354838400,1.39,1.39,1.39,1.39,142.41499
1355097600,1.39,1.39,1.39,1.39,142.47301
1355184000,1.42,1.42,1.42,1.42,143.44
1355270400,1.47,1.47,1.47,1.47,143.50999
1355356800,1.47,1.47,1.47,1.47,142.63
1355443200,1.48,1.48,1.48,1.48,142.1051
1355702400,1.53,1.53,1.53,1.53,143.77
1355788800,1.56,1.56,1.56,1.56,145.37
1355875200,1.54,1.54,1.54,1.54,144.28999
1355961600,1.53,1.53,1.53,1.53,145.12
1356048000,1.51,1.51,1.51,1.51,142.78999
1356307200,1.53,1.53,1.53,1.53,142.35001
1356480000,1.51,1.51,1.51,1.51,141.75
1356566400,1.48,1.48,1.48,1.48,141.5616
1356652800,1.46,1.46,1.46,1.46,140.03
1356912000,1.53,1.53,1.53,1.53,142.41
1357084800,1.59,1.59,1.59,1.59,146.06
1357171200,1.65,1.65,1.65,1.65,145.7341
1357257600,1.66,1.66,1.66,1.66,146.37
1357516800,1.65,1.65,1.65,1.65,145.9695
1357603200,1.64,1.64,1.64,1.64,145.54961
1357689600,1.64,1.64,1.64,1.64,145.92
1357776000,1.65,1.65,1.65,1.65,147.08
1357862400,1.63,1.63,1.63,1.63,147.07001
1358121600,1.63,1.63,1.63,1.63,146.97
1358208000,1.6,1.6,1.6,1.6,147.07001
1358294400,1.58,1.58,1.58,1.58,147.05
1358380800,1.61,1.61,1.61,1.61,148
1358467200,1.61,1.61,1.61,1.61,148.33
1358812800,1.6,1.6,1.6,1.6,149.13
1358899200,1.6,1.6,1.6,1.6,149.37
1358985600,1.65,1.65,1.65,1.65,149.41
1359072000,1.7,1.7,1.7,1.7,150.25
1359331200,1.71,1.71,1.71,1.71,150.07001
1359417600,1.73,1.73,1.73,1.73,150.66
1359504000,1.76,1.76,1.76,1.76,150.07001
1359590400,1.75,1.75,1.75,1.75,149.7
1359676800,1.77,1.77,1.77,1.77,151.24001
1359936000,1.75,1.75,1.75,1.75,149.535
1360022400,1.77,1.77,1.77,1.77,151.05
1360108800,1.73,1.73,1.73,1.73,151.16
1360195200,1.74,1.74,1.74,1.74,150.96001
1360281600,1.74,1.74,1.74,1.74,151.8
1360540800,1.72,1.72,1.72,1.72,151.77
1360627200,1.73,1.73,1.73,1.73,152.02
1360713600,1.76,1.76,1.76,1.76,152.151
1360800000,1.73,1.73,1.73,1.73,152.28999
1360886400,1.72,1.72,1.72,1.72,152.11
1361232000,1.74,1.74,1.74,1.74,153.25
1361318400,1.75,1.75,1.75,1.75,151.34
1361404800,1.73,1.73,1.73,1.73,150.42
1361491200,1.7,1.7,1.7,1.7,151.89
1361750400,1.63,1.63,1.63,1.63,149
1361836800,1.63,1.63,1.63,1.63,150.02
1361923200,1.64,1.64,1.64,1.64,151.91
1362009600,1.64,1.64,1.64,1.64,151.61
1362096000,1.61,1.61,1.61,1.61,152.11
1362355200,1.64,1.64,1.64,1.64,152.92
1362441600,1.65,1.65,1.65,1.65,154.28999
1362528000,1.7,1.7,1.7,1.7,154.5
1362614400,1.75,1.75,1.75,1.75,154.776
1362700800,1.79,1.79,1.79,1.79,155.44
1362960000,1.8,1.8,1.8,1.8,156.03
1363046400,1.76,1.76,1.76,1.76,155.67999
1363132800,1.77,1.77,1.77,1.77,155.905
1363219200,1.77,1.77,1.77,1.77,156.73
1363305600,1.76,1.76,1.76,1.76,155.83
1363564800,1.7,1.7,1.7,1.7,154.97
1363651200,1.68,1.68,1.68,1.68,154.61
1363737600,1.7,1.7,1.7,1.7,155.69
1363824000,1.68,1.68,1.68,1.68,154.35899
1363910400,1.67,1.67,1.67,1.67,155.60001
1364169600,1.69,1.69,1.69,1.69,154.95
1364256000,1.67,1.67,1.67,1.67,156.19
1364342400,1.62,1.62,1.62,1.62,156.19
1364428800,1.62,1.62,1.62,1.62,156.67
1364774400,1.63,1.63,1.63,1.63,156.05
1364860800,1.63,1.63,1.63,1.63,156.82001
1364947200,1.59,1.59,1.59,1.59,155.23
1365033600,1.56,1.56,1.56,1.56,155.86
1365120000,1.48,1.48,1.48,1.48,155.158
1365379200,1.52,1.52,1.52,1.52,156.21001
1365465600,1.54,1.54,1.54,1.54,156.75
1365552000,1.6,1.6,1.6,1.6,158.67
1365638400,1.58,1.58,1.58,1.58,159.19
1365724800,1.53,1.53,1.53,1.53,158.8
1365984000,1.5,1.5,1.5,1.5,155.118
1366070400,1.51,1.51,1.51,1.51,157.41
1366156800,1.49,1.49,1.49,1.49,155.11
1366243200,1.48,1.48,1.48,1.48,154.14
1366329600,1.49,1.49,1.49,1.49,155.48
1366588800,1.48,1.48,1.48,1.48,156.17
1366675200,1.51,1.51,1.51,1.51,157.78
1366761600,1.5,1.5,1.5,1.5,157.88
1366848000,1.51,1.51,1.51,1.51,158.52
1366934400,1.48,1.48,1.48,1.48,158.24001
1367193600,1.5,1.5,1.5,1.5,159.3
1367280000,1.48,1.48,1.48,1.48,159.67999
1367366400,1.46,1.46,1.46,1.46,158.28
1367452800,1.46,1.46,1.46,1.46,159.75
1367539200,1.56,1.56,1.56,1.56,161.368
1367798400,1.58,1.58,1.58,1.58,161.78
1367884800,1.6,1.6,1.6,1.6,162.5999
1367971200,1.59,1.59,1.59,1.59,163.34
1368057600,1.59,1.59,1.59,1.59,162.881
1368144000,1.64,1.64,1.64,1.64,163.41
1368403200,1.68,1.68,1.68,1.68,163.53999
1368489600,1.7,1.7,1.7,1.7,165.23
1368576000,1.68,1.68,1.68,1.68,166.11501
1368662400,1.64,1.64,1.64,1.64,165.34
1368748800,1.69,1.69,1.69,1.69,166.94
1369008000,1.71,1.71,1.71,1.71,166.92999
1369094400,1.68,1.68,1.68,1.68,167.17
1369180800,1.77,1.77,1.77,1.77,165.92999
1369267200,1.76,1.76,1.76,1.76,165.45
1369353600,1.75,1.75,1.75,1.75,165.308
1369699200,1.86,1.86,1.86,1.86,166.3
1369785600,1.83,1.83,1.83,1.83,165.22
1369872000,1.82,1.82,1.82,1.82,165.83
1369958400,1.86,1.86,1.86,1.86,163.44501
1370217600,1.83,1.83,1.83,1.83,164.35001
1370304000,1.82,1.82,1.82,1.82,163.56
1370390400,1.8,1.8,1.8,1.8,161.272
1370476800,1.78,1.78,1.78,1.78,162.73
1370563200,1.85,1.85,1.85,1.85,164.8
1370822400,1.9,1.9,1.9,1.9,164.8
1370908800,1.86,1.86,1.86,1.86,163.09801
1370995200,1.91,1.91,1.91,1.91,161.75
1371081600,1.87,1.87,1.87,1.87,164.21001
1371168000,1.85,1.85,1.85,1.85,163.175
1371427200,1.92,1.92,1.92,1.92,164.44
1371513600,1.93,1.93,1.93,1.93,165.735
1371600000,2.02,2.02,2.02,2.02,163.45
1371686400,2.08,2.08,2.08,2.08,159.39999
1371772800,2.14,2.14,2.14,2.14,159.07001
1372032000,2.15,2.15,2.15,2.15,157.06
1372118400,2.17,2.17,2.17,2.17,158.575
1372204800,2.16,2.16,2.16,2.16,160.14
1372291200,2.13,2.13,2.13,2.13,161.08
1372377600,2.16,2.16,2.16,2.16,160.42
1372636800,2.16,2.16,2.16,2.16,161.36
1372723200,2.14,2.14,2.14,2.14,161.21001
1372809600,2.16,2.16,2.16,2.16,161.28
1372982400,2.33,2.33,2.33,2.33,163.02
1373241600,2.28,2.28,2.28,2.28,163.94501
1373328000,2.28,2.28,2.28,2.28,165.13
1373414400,2.32,2.32,2.32,2.32,165.192
1373500800,2.26,2.26,2.26,2.26,167.44
1373587200,2.24,2.24,2.24,2.24,167.50999
1373846400,2.23,2.23,2.23,2.23,168.155
1373932800,2.21,2.21,2.21,2.21,167.52499
1374019200,2.2,2.2,2.2,2.2,167.9501
1374105600,2.24,2.24,2.24,2.24,168.87
1374192000,2.18,2.18,2.18,2.18,169.17
1374451200,2.18,2.18,2.18,2.18,169.5
1374537600,2.2,2.2,2.2,2.2,169.14
1374624000,2.27,2.27,2.27,2.27,168.52
1374710400,2.29,2.29,2.29,2.29,168.92999
1374796800,2.27,2.27,2.27,2.27,169.11
1375056000,2.28,2.28,2.28,2.28,168.59
1375142400,2.3,2.3,2.3,2.3,168.588
1375228800,2.29,2.29,2.29,2.29,168.71001
1375315200,2.39,2.39,2.39,2.39,170.66
1375401600,2.33,2.33,2.33,2.33,170.95
1375660800,2.35,2.35,2.35,2.35,170.7
1375747200,2.35,2.35,2.35,2.35,169.73
1375833600,2.29,2.29,2.29,2.29,169.17999
1375920000,2.28,2.28,2.28,2.28,169.8
1376006400,2.25,2.25,2.25,2.25,169.31
1376265600,2.29,2.29,2.29,2.29,169.11099
1376352000,2.37,2.37,2.37,2.37,169.61
1376438400,2.37,2.37,2.37,2.37,168.74001
1376524800,2.41,2.41,2.41,2.41,166.38
1376611200,2.48,2.48,2.48,2.48,165.83
1376870400,2.52,2.52,2.52,2.52,164.77
1376956800,2.46,2.46,2.46,2.46,165.58
1377043200,2.49,2.49,2.49,2.49,164.56
1377129600,2.48,2.48,2.48,2.48,166.06
1377216000,2.42,2.42,2.42,2.42,166.62
1377475200,2.38,2.38,2.38,2.38,166
1377561600,2.34,2.34,2.34,2.34,163.33
1377648000,2.38,2.38,2.38,2.38,163.91
1377734400,2.36,2.36,2.36,2.36,164.17
1377820800,2.39,2.39,2.39,2.39,163.64999
1378166400,2.43,2.43,2.43,2.43,164.39
1378252800,2.44,2.44,2.44,2.44,165.75
1378339200,2.46,2.46,2.46,2.46,165.96001
1378425600,2.48,2.48,2.48,2.48,166.03999
1378684800,2.45,2.45,2.45,2.45,167.634
1378771200,2.46,2.46,2.46,2.46,168.87
1378857600,2.46,2.46,2.46,2.46,169.39999
1378944000,2.47,2.47,2.47,2.47,168.95
1379030400,2.45,2.45,2.45,2.45,169.33
1379289600,2.47,2.47,2.47,2.47,170.31
1379376000,2.47,2.47,2.47,2.47,171.07001
1379462400,2.35,2.35,2.35,2.35,173.05099
1379548800,2.42,2.42,2.42,2.42,172.75999
1379635200,2.41,2.41,2.41,2.41,170.72
1379894400,2.37,2.37,2.37,2.37,169.92999
1379980800,2.32,2.32,2.32,2.32,169.53
1380067200,2.27,2.27,2.27,2.27,169.03999
1380153600,2.32,2.32,2.32,2.32,169.69
1380240000,2.3,2.3,2.3,2.3,168.909
1380499200,2.31,2.31,2.31,2.31,168.00999
1380585600,2.33,2.33,2.33,2.33,169.34
1380672000,2.32,2.32,2.32,2.32,169.17999
1380758400,2.29,2.29,2.29,2.29,167.62
1380844800,2.33,2.33,2.33,2.33,168.89
1381104000,2.28,2.28,2.28,2.28,167.42999
1381190400,2.26,2.26,2.26,2.26,165.48
1381276800,2.31,2.31,2.31,2.31,165.60001
1381363200,2.36,2.36,2.36,2.36,169.17
1381449600,2.35,2.35,2.35,2.35,170.25999
1381795200,2.38,2.38,2.38,2.38,169.7
1381881600,2.35,2.35,2.35,2.35,172.07001
1381968000,2.28,2.28,2.28,2.28,173.22
1382054400,2.27,2.27,2.27,2.27,174.388
1382313600,2.3,2.3,2.3,2.3,174.39999
1382400000,2.23,2.23,2.23,2.23,175.41
1382486400,2.2,2.2,2.2,2.2,174.57001
1382572800,2.2,2.2,2.2,2.2,175.14999
1382659200,2.21,2.21,2.21,2.21,175.95
1382918400,2.22,2.22,2.22,2.22,176.23
1383004800,2.22,2.22,2.22,2.22,177.17
1383091200,2.22,2.22,2.22,2.22,176.29
1383177600,2.26,2.26,2.26,2.26,175.79
1383264000,2.32,2.32,2.32,2.32,176.21
1383523200,2.31,2.31,2.31,2.31,176.83
1383609600,2.37,2.37,2.37,2.37,176.27
1383696000,2.37,2.37,2.37,2.37,177.17
1383782400,2.34,2.34,2.34,2.34,174.93
1383868800,2.45,2.45,2.45,2.45,177.29
1384214400,2.46,2.46,2.46,2.46,176.96
1384300800,2.43,2.43,2.43,2.43,178.38
1384387200,2.4,2.4,2.4,2.4,179.27
1384473600,2.4,2.4,2.4,2.4,180.05
1384732800,2.36,2.36,2.36,2.36,179.42
1384819200,2.42,2.42,2.42,2.42,179.03
1384905600,2.52,2.52,2.52,2.52,178.47
1384992000,2.5,2.5,2.5,2.5,179.91
1385078400,2.44,2.44,2.44,2.44,180.81
1385337600,2.44,2.44,2.44,2.44,180.63
1385424000,2.42,2.42,2.42,2.42,180.68
1385510400,2.46,2.46,2.46,2.46,181.12
1385683200,2.47,2.47,2.47,2.47,181
1385942400,2.51,2.51,2.51,2.51,180.53
1386028800,2.51,2.51,2.51,2.51,179.75
1386115200,2.54,2.54,2.54,2.54,179.73
1386201600,2.58,2.58,2.58,2.58,178.94
1386288000,2.58,2.58,2.58,2.58,180.94
1386547200,2.56,2.56,2.56,2.56,181.4
1386633600,2.51,2.51,2.51,2.51,180.75
1386720000,2.55,2.55,2.55,2.55,178.72
1386806400,2.55,2.55,2.55,2.55,178.13
1386892800,2.54,2.54,2.54,2.54,178.11
1387152000,2.55,2.55,2.55,2.55,179.216
1387238400,2.51,2.51,2.51,2.51,178.65
1387324800,2.57,2.57,2.57,2.57,181.7
1387411200,2.59,2.59,2.59,2.59,181.49
1387497600,2.52,2.52,2.52,2.52,181.56
1387756800,2.56,2.56,2.56,2.56,182.53
1387843200,2.61,2.61,2.61,2.61,182.93
1388016000,2.58,2.58,2.58,2.58,183.855
1388102400,2.62,2.62,2.62,2.62,183.845
1388361600,2.6,2.6,2.6,2.6,183.82
1388448000,2.66,2.66,2.66,2.66,184.69
1388620800,2.61,2.61,2.61,2.61,182.92
1388707200,2.6,2.6,2.6,2.6,182.885
1388966400,2.58,2.58,2.58,2.58,182.36
1389052800,2.56,2.56,2.56,2.56,183.48
1389139200,2.58,2.58,2.58,2.58,183.52
1389225600,2.53,2.53,2.53,2.53,183.64
1389312000,2.49,2.49,2.49,2.49,184.14
1389571200,2.45,2.45,2.45,2.45,181.685
1389657600,2.49,2.49,2.49,2.49,183.67
1389744000,2.49,2.49,2.49,2.49,184.66
1389830400,2.45,2.45,2.45,2.45,184.42
1389916800,2.44,2.44,2.44,2.44,183.635
1390262400,2.45,2.45,2.45,2.45,184.18
1390348800,2.43,2.43,2.43,2.43,184.3
1390435200,2.4,2.4,2.4,2.4,182.79
1390521600,2.38,2.38,2.38,2.38,178.89
1390780800,2.41,2.41,2.41,2.41,178.01
1390867200,2.39,2.39,2.39,2.39,179.07
1390953600,2.33,2.33,2.33,2.33,177.35
1391040000,2.36,2.36,2.36,2.36,179.23
1391126400,2.33,2.33,2.33,2.33,178.18
1391385600,2.31,2.31,2.31,2.31,174.17
1391472000,2.33,2.33,2.33,2.33,175.385
1391558400,2.38,2.38,2.38,2.38,175.17
1391644800,2.4,2.4,2.4,2.4,177.48
1391731200,2.41,2.41,2.41,2.41,179.68
1391990400,2.38,2.38,2.38,2.38,180.01
1392076800,2.4,2.4,2.4,2.4,181.98
1392163200,2.45,2.45,2.45,2.45,182.07
1392249600,2.41,2.41,2.41,2.41,183.01
1392336000,2.43,2.43,2.43,2.43,184.02
1392681600,2.4,2.4,2.4,2.4,184.24
1392768000,2.4,2.4,2.4,2.4,183.02
1392854400,2.42,2.42,2.42,2.42,184.1
1392940800,2.4,2.4,2.4,2.4,183.89
1393200000,2.4,2.4,2.4,2.4,184.91
1393286400,2.36,2.36,2.36,2.36,184.84
1393372800,2.34,2.34,2.34,2.34,184.85
1393459200,2.32,2.32,2.32,2.32,185.82
1393545600,2.33,2.33,2.33,2.33,186.29
1393804800,2.28,2.28,2.28,2.28,184.98
1393891200,2.37,2.37,2.37,2.37,187.58
1393977600,2.37,2.37,2.37,2.37,187.75
1394064000,2.37,2.37,2.37,2.37,188.18
1394150400,2.42,2.42,2.42,2.42,188.26
1394409600,2.42,2.42,2.42,2.42,188.16
1394496000,2.4,2.4,2.4,2.4,187.23
1394582400,2.36,2.36,2.36,2.36,187.28
1394668800,2.32,2.32,2.32,2.32,185.18
1394755200,2.29,2.29,2.29,2.29,184.66
1395014400,2.32,2.32,2.32,2.32,186.33
1395100800,2.32,2.32,2.32,2.32,187.66
1395187200,2.31,2.31,2.31,2.31,186.66
1395273600,2.34,2.34,2.34,2.34,187.747
1395360000,2.3,2.3,2.3,2.3,186.2
1395619200,2.27,2.27,2.27,2.27,185.43
1395705600,2.28,2.28,2.28,2.28,186.31
1395792000,2.26,2.26,2.26,2.26,184.97
1395878400,2.24,2.24,2.24,2.24,184.58
1395964800,2.28,2.28,2.28,2.28,185.49
1396224000,2.29,2.29,2.29,2.29,187.01
1396310400,2.33,2.33,2.33,2.33,188.25
1396396800,2.35,2.35,2.35,2.35,188.88
1396483200,2.34,2.34,2.34,2.34,188.63
1396569600,2.31,2.31,2.31,2.31,186.4
1396828800,2.3,2.3,2.3,2.3,184.34
1396915200,2.29,2.29,2.29,2.29,185.1
1397001600,2.34,2.34,2.34,2.34,187.09
1397088000,2.28,2.28,2.28,2.28,183.155
1397174400,2.26,2.26,2.26,2.26,181.51
1397433600,2.28,2.28,2.28,2.28,182.9401
1397520000,2.25,2.25,2.25,2.25,184.2
1397606400,2.26,2.26,2.26,2.26,186.125
1397692800,2.3,2.3,2.3,2.3,186.39
1398038400,2.31,2.31,2.31,2.31,187.04
1398124800,2.28,2.28,2.28,2.28,187.89
1398211200,2.27,2.27,2.27,2.27,187.45
1398297600,2.27,2.27,2.27,2.27,187.83
1398384000,2.25,2.25,2.25,2.25,186.29
1398643200,2.26,2.26,2.26,2.26,186.875
1398729600,2.27,2.27,2.27,2.27,187.75
1398816000,2.25,2.25,2.25,2.25,188.31
1398902400,2.22,2.22,2.22,2.22,188.325
1398988800,2.18,2.18,2.18,2.18,188.06
1399248000,2.2,2.2,2.2,2.2,188.42
1399334400,2.18,2.18,2.18,2.18,186.78
1399420800,2.21,2.21,2.21,2.21,187.88
1399507200,2.21,2.21,2.21,2.21,187.675
1399593600,2.22,2.22,2.22,2.22,187.96
1399852800,2.25,2.25,2.25,2.25,189.785
1399939200,2.22,2.22,2.22,2.22,189.96
1400025600,2.15,2.15,2.15,2.15,189.06
1400112000,2.12,2.12,2.12,2.12,187.4
1400198400,2.14,2.14,2.14,2.14,188.05
1400457600,2.18,2.18,2.18,2.18,188.74
1400544000,2.17,2.17,2.17,2.17,187.55
1400630400,2.17,2.17,2.17,2.17,189.13
1400716800,2.19,2.19,2.19,2.19,189.59
1400803200,2.17,2.17,2.17,2.17,190.35
1401148800,2.13,2.13,2.13,2.13,191.52
1401235200,2.07,2.07,2.07,2.07,191.38
1401321600,2.08,2.08,2.08,2.08,192.37
1401408000,2.11,2.11,2.11,2.11,192.68
1401667200,2.15,2.15,2.15,2.15,192.895
1401753600,2.19,2.19,2.19,2.19,192.8
1401840000,2.2,2.2,2.2,2.2,193.19
1401926400,2.19,2.19,2.19,2.19,194.45
1402012800,2.19,2.19,2.19,2.19,195.375
1402272000,2.19,2.19,2.19,2.19,195.58
1402358400,2.19,2.19,2.19,2.19,195.6
1402444800,2.21,2.21,2.21,2.21,194.92
1402531200,2.16,2.16,2.16,2.16,193.54
1402617600,2.15,2.15,2.15,2.15,194.13
1402876800,2.12,2.12,2.12,2.12,194.29
1402963200,2.15,2.15,2.15,2.15,194.83
1403049600,2.13,2.13,2.13,2.13,196.255
1403136000,2.16,2.16,2.16,2.16,196.48
1403222400,2.13,2.13,2.13,2.13,195.94
1403481600,2.15,2.15,2.15,2.15,195.88
1403568000,2.1,2.1,2.1,2.1,194.7
1403654400,2.09,2.09,2.09,2.09,195.58
1403740800,2.07,2.07,2.07,2.07,195.44
1403827200,2.09,2.09,2.09,2.09,195.82
1404086400,2.06,2.06,2.06,2.06,195.72
1404172800,2.11,2.11,2.11,2.11,197.03
1404259200,2.15,2.15,2.15,2.15,197.23
1404345600,2.13,2.13,2.13,2.13,198.2
1404691200,2.11,2.11,2.11,2.11,197.51
1404777600,2.07,2.07,2.07,2.07,196.24
1404864000,2.06,2.06,2.06,2.06,197.12
1404950400,2.09,2.09,2.09,2.09,196.34
1405036800,2.05,2.05,2.05,2.05,196.61
1405296000,2.07,2.07,2.07,2.07,197.6
1405382400,2.07,2.07,2.07,2.07,197.23
1405468800,2.05,2.05,2.05,2.05,197.96
1405555200,2,2,2,2,195.71
1405641600,1.99,1.99,1.99,1.99,197.7099
1405900800,1.98,1.98,1.98,1.98,197.34
1405987200,1.99,1.99,1.99,1.99,198.2
1406073600,1.98,1.98,1.98,1.98,198.64
1406160000,1.99,1.99,1.99,1.99,198.65
1406246400,1.95,1.95,1.95,1.95,197.72
1406505600,1.96,1.96,1.96,1.96,197.8
1406592000,1.93,1.93,1.93,1.93,196.95
1406678400,2.01,2.01,2.01,2.01,196.98
1406764800,2.05,2.05,2.05,2.05,193.09
1406851200,2.05,2.05,2.05,2.05,192.5
1407110400,2.04,2.04,2.04,2.04,193.89
1407196800,2.02,2.02,2.02,2.02,192.01
1407283200,2.01,2.01,2.01,2.01,192.07
1407369600,1.99,1.99,1.99,1.99,191.03
1407456000,1.99,1.99,1.99,1.99,193.24
1407715200,1.97,1.97,1.97,1.97,193.795
1407801600,2.01,2.01,2.01,2.01,193.53
1407888000,2,2,2,2,194.84
1407974400,1.98,1.98,1.98,1.98,195.76
1408060800,1.92,1.92,1.92,1.92,195.72
1408320000,1.95,1.95,1.95,1.95,197.36
1408406400,1.94,1.94,1.94,1.94,198.39
1408492800,1.94,1.94,1.94,1.94,198.92
1408579200,1.92,1.92,1.92,1.92,199.5
1408665600,1.87,1.87,1.87,1.87,199.19
1408924800,1.86,1.86,1.86,1.86,200.2
1409011200,1.87,1.87,1.87,1.87,200.33
1409097600,1.86,1.86,1.86,1.86,200.25
1409184000,1.84,1.84,1.84,1.84,200.14
1409270400,1.87,1.87,1.87,1.87,200.71
1409616000,1.89,1.89,1.89,1.89,200.61
1409702400,1.89,1.89,1.89,1.89,200.5
1409788800,1.91,1.91,1.91,1.91,200.2101
1409875200,1.94,1.94,1.94,1.94,201.11
1410134400,1.94,1.94,1.94,1.94,200.59
1410220800,1.94,1.94,1.94,1.94,199.32
1410307200,1.96,1.96,1.96,1.96,200.07
1410393600,1.96,1.96,1.96,1.96,200.3
1410480000,2.04,2.04,2.04,2.04,199.13
1410739200,2.02,2.02,2.02,2.02,198.981
1410825600,2.05,2.05,2.05,2.05,200.48
1410912000,2.03,2.03,2.03,2.03,200.75
1410998400,2.04,2.04,2.04,2.04,201.82
1411084800,2,2,2,2,200.7
1411344000,1.99,1.99,1.99,1.99,199.15
1411430400,1.97,1.97,1.97,1.97,198.01
1411516800,1.98,1.98,1.98,1.98,199.56
1411603200,1.96,1.96,1.96,1.96,196.34
1411689600,1.95,1.95,1.95,1.95,197.9
1411948800,1.92,1.92,1.92,1.92,197.54
1412035200,1.94,1.94,1.94,1.94,197.02
1412121600,1.89,1.89,1.89,1.89,194.35
1412208000,1.91,1.91,1.91,1.91,194.38
1412294400,1.88,1.88,1.88,1.88,196.52
1412553600,1.89,1.89,1.89,1.89,196.29
1412640000,1.84,1.84,1.84,1.84,193.26
1412726400,1.89,1.89,1.89,1.89,196.64
1412812800,1.88,1.88,1.88,1.88,192.74
1412899200,1.86,1.86,1.86,1.86,190.54
1413244800,1.82,1.82,1.82,1.82,187.7
1413331200,1.81,1.81,1.81,1.81,186.43
1413417600,1.82,1.82,1.82,1.82,186.27
1413504000,1.83,1.83,1.83,1.83,188.47
1413763200,1.83,1.83,1.83,1.83,190.3
1413849600,1.85,1.85,1.85,1.85,194.07
1413936000,1.84,1.84,1.84,1.84,192.69
1414022400,1.88,1.88,1.88,1.88,194.93
1414108800,1.88,1.88,1.88,1.88,196.43
1414368000,1.86,1.86,1.86,1.86,196.16
1414454400,1.88,1.88,1.88,1.88,198.41
1414540800,1.86,1.86,1.86,1.86,198.11
1414627200,1.84,1.84,1.84,1.84,199.38
1414713600,1.85,1.85,1.85,1.85,201.66
1414972800,1.84,1.84,1.84,1.84,201.77
1415059200,1.83,1.83,1.83,1.83,201.07
1415145600,1.84,1.84,1.84,1.84,202.34
1415232000,1.85,1.85,1.85,1.85,203.15
1415318400,1.81,1.81,1.81,1.81,203.34
1415577600,1.83,1.83,1.83,1.83,203.98
1415750400,1.82,1.82,1.82,1.82,203.96
1415836800,1.82,1.82,1.82,1.82,204.19
1415923200,1.78,1.78,1.78,1.78,204.24
1416182400,1.8,1.8,1.8,1.8,204.37
1416268800,1.79,1.79,1.79,1.79,205.55
1416355200,1.82,1.82,1.82,1.82,205.22
1416441600,1.81,1.81,1.81,1.81,205.58
1416528000,1.78,1.78,1.78,1.78,206.68
1416787200,1.77,1.77,1.77,1.77,207.26
1416873600,1.76,1.76,1.76,1.76,207.11
1416960000,1.71,1.71,1.71,1.71,207.64
1417132800,1.71,1.71,1.71,1.71,207.2
1417392000,1.73,1.73,1.73,1.73,205.76
1417478400,1.73,1.73,1.73,1.73,207.085
1417564800,1.72,1.72,1.72,1.72,207.89
1417651200,1.7,1.7,1.7,1.7,207.66
1417737600,1.66,1.66,1.66,1.66,208
1417996800,1.62,1.62,1.62,1.62,206.61
1418083200,1.58,1.58,1.58,1.58,206.47
1418169600,1.59,1.59,1.59,1.59,203.1601
1418256000,1.57,1.57,1.57,1.57,204.19
1418342400,1.54,1.54,1.54,1.54,200.89
1418601600,1.52,1.52,1.52,1.52,199.51
1418688000,1.49,1.49,1.49,1.49,197.91
1418774400,1.52,1.52,1.52,1.52,201.79
1418860800,1.55,1.55,1.55,1.55,206.78
1418947200,1.5,1.5,1.5,1.5,206.52
1419206400,1.46,1.46,1.46,1.46,207.47
1419292800,1.53,1.53,1.53,1.53,207.75
1419379200,1.54,1.54,1.54,1.54,207.77
1419552000,1.52,1.52,1.52,1.52,208.44
1419811200,1.5,1.5,1.5,1.5,208.72
1419897600,1.51,1.51,1.51,1.51,207.6
1419984000,1.5,1.5,1.5,1.5,205.54
1420156800,1.46,1.46,1.46,1.46,205.43
1420416000,1.36,1.36,1.36,1.36,201.72
1420502400,1.32,1.32,1.32,1.32,199.82
1420588800,1.34,1.34,1.34,1.34,202.31
1420675200,1.41,1.41,1.41,1.41,205.9
1420761600,1.39,1.39,1.39,1.39,204.25
1421020800,1.36,1.36,1.36,1.36,202.65
1421107200,1.37,1.37,1.37,1.37,202.08
1421193600,1.35,1.35,1.35,1.35,200.86
1421280000,1.33,1.33,1.33,1.33,199.0199
1421366400,1.34,1.34,1.34,1.34,201.63
1421712000,1.29,1.29,1.29,1.29,202.055
1421798400,1.34,1.34,1.34,1.34,203.08
1421884800,1.37,1.37,1.37,1.37,206.1
1421971200,1.29,1.29,1.29,1.29,204.97
1422230400,1.29,1.29,1.29,1.29,205.45
1422316800,1.29,1.29,1.29,1.29,202.74
1422403200,1.23,1.23,1.23,1.23,200.14
1422489600,1.26,1.26,1.26,1.26,201.9902
1422576000,1.21,1.21,1.21,1.21,199.45
1422835200,1.19,1.19,1.19,1.19,201.92
1422921600,1.27,1.27,1.27,1.27,204.84
1423008000,1.29,1.29,1.29,1.29,204.06
1423094400,1.31,1.31,1.31,1.31,206.12
1423180800,1.3,1.3,1.3,1.3,205.55
1423440000,1.31,1.31,1.31,1.31,204.63
1423526400,1.34,1.34,1.34,1.34,206.81
1423612800,1.33,1.33,1.33,1.33,206.93
1423699200,1.38,1.38,1.38,1.38,208.92
1423785600,1.36,1.36,1.36,1.36,209.78
1424131200,1.44,1.44,1.44,1.44,210.11
1424217600,1.45,1.45,1.45,1.45,210.13
1424304000,1.44,1.44,1.44,1.44,209.98
1424390400,1.46,1.46,1.46,1.46,211.239
1424649600,1.42,1.42,1.42,1.42,211.209
1424736000,1.39,1.39,1.39,1.39,211.81
1424822400,1.35,1.35,1.35,1.35,211.63
1424908800,1.37,1.37,1.37,1.37,211.38
1424995200,1.37,1.37,1.37,1.37,210.66
1425254400,1.42,1.42,1.42,1.42,211.99
1425340800,1.44,1.44,1.44,1.44,211.12
1425427200,1.46,1.46,1.46,1.46,210.2301
1425513600,1.46,1.46,1.46,1.46,210.46
1425600000,1.51,1.51,1.51,1.51,207.5
1425859200,1.5,1.5,1.5,1.5,208.36
1425945600,1.44,1.44,1.44,1.44,204.98
1426032000,1.41,1.41,1.41,1.41,204.5
1426118400,1.43,1.43,1.43,1.43,207.1
1426204800,1.45,1.45,1.45,1.45,205.8272
1426464000,1.44,1.44,1.44,1.44,208.58
1426550400,1.36,1.36,1.36,1.36,207.96
1426636800,1.36,1.36,1.36,1.36,210.46
1426723200,1.35,1.35,1.35,1.35,209.5
1426809600,1.33,1.33,1.33,1.33,210.41
1427068800,1.32,1.32,1.32,1.32,210
1427155200,1.3,1.3,1.3,1.3,208.82
1427241600,1.34,1.34,1.34,1.34,205.76
1427328000,1.4,1.4,1.4,1.4,205.27
1427414400,1.37,1.37,1.37,1.37,205.74
1427673600,1.38,1.38,1.38,1.38,208.25
1427760000,1.38,1.38,1.38,1.38,206.43
1427846400,1.32,1.32,1.32,1.32,205.7
1427932800,1.37,1.37,1.37,1.37,206.435
1428019200,1.36,1.36,1.36,1.36,206.435
1428278400,1.41,1.41,1.41,1.41,207.83
1428364800,1.37,1.37,1.37,1.37,207.28
1428451200,1.38,1.38,1.38,1.38,207.975
1428537600,1.41,1.41,1.41,1.41,208.9
1428624000,1.39,1.39,1.39,1.39,210.04
1428883200,1.4,1.4,1.4,1.4,209.09
1428969600,1.37,1.37,1.37,1.37,209.49
1429056000,1.4,1.4,1.4,1.4,210.43
1429142400,1.4,1.4,1.4,1.4,210.37
1429228800,1.36,1.36,1.36,1.36,207.95
1429488000,1.35,1.35,1.35,1.35,209.85
1429574400,1.37,1.37,1.37,1.37,209.6
1429660800,1.42,1.42,1.42,1.42,210.63
1429747200,1.41,1.41,1.41,1.41,211.16
1429833600,1.39,1.39,1.39,1.39,211.6499
1430092800,1.4,1.4,1.4,1.4,210.77
1430179200,1.44,1.44,1.44,1.44,211.44
1430265600,1.5,1.5,1.5,1.5,210.57
1430352000,1.47,1.47,1.47,1.47,208.46
1430438400,1.52,1.52,1.52,1.52,210.72
1430697600,1.56,1.56,1.56,1.56,211.32
1430784000,1.57,1.57,1.57,1.57,208.9
1430870400,1.6,1.6,1.6,1.6,208.04
1430956800,1.55,1.55,1.55,1.55,208.87
1431043200,1.57,1.57,1.57,1.57,211.62
1431302400,1.66,1.66,1.66,1.66,210.605
1431388800,1.67,1.67,1.67,1.67,209.98
1431475200,1.68,1.68,1.68,1.68,210.02
1431561600,1.67,1.67,1.67,1.67,212.21
1431648000,1.59,1.59,1.59,1.59,212.44
1431907200,1.65,1.65,1.65,1.65,213.1
1431993600,1.64,1.64,1.64,1.64,213.03
1432080000,1.66,1.66,1.66,1.66,212.88
1432166400,1.59,1.59,1.59,1.59,213.5
1432252800,1.57,1.57,1.57,1.57,212.99
1432598400,1.5,1.5,1.5,1.5,210.7
1432684800,1.5,1.5,1.5,1.5,212.7
1432771200,1.51,1.51,1.51,1.51,212.46
1432857600,1.51,1.51,1.51,1.51,211.14
1433116800,1.55,1.55,1.55,1.55,211.57
1433203200,1.63,1.63,1.63,1.63,211.36
1433289600,1.69,1.69,1.69,1.69,211.92
1433376000,1.65,1.65,1.65,1.65,210.1292
1433462400,1.68,1.68,1.68,1.68,209.77
1433721600,1.69,1.69,1.69,1.69,208.48
1433808000,1.7,1.7,1.7,1.7,208.45
1433894400,1.75,1.75,1.75,1.75,210.95
1433980800,1.66,1.66,1.66,1.66,211.63
1434067200,1.65,1.65,1.65,1.65,210.01
1434326400,1.64,1.64,1.64,1.64,209.11
1434412800,1.61,1.61,1.61,1.61,210.25
1434499200,1.65,1.65,1.65,1.65,210.59
1434585600,1.69,1.69,1.69,1.69,212.78
1434672000,1.61,1.61,1.61,1.61,210.81
1434931200,1.69,1.69,1.69,1.69,211.89
1435017600,1.72,1.72,1.72,1.72,212.04
1435104000,1.7,1.7,1.7,1.7,210.5
1435190400,1.72,1.72,1.72,1.72,209.86
1435276800,1.77,1.77,1.77,1.77,209.82
1435536000,1.69,1.69,1.69,1.69,205.42
1435622400,1.71,1.71,1.71,1.71,205.85
1435708800,1.74,1.74,1.74,1.74,207.5
1435795200,1.76,1.76,1.76,1.76,207.31
1436140800,1.7,1.7,1.7,1.7,206.72
1436227200,1.69,1.69,1.69,1.69,208.02
1436313600,1.67,1.67,1.67,1.67,204.53
1436400000,1.72,1.72,1.72,1.72,204.9
1436486400,1.77,1.77,1.77,1.77,207.48
1436745600,1.75,1.75,1.75,1.75,209.77
1436832000,1.75,1.75,1.75,1.75,210.68
1436918400,1.72,1.72,1.72,1.72,210.61
1437004800,1.69,1.69,1.69,1.69,212.3
1437091200,1.66,1.66,1.66,1.66,212.48
1437350400,1.67,1.67,1.67,1.67,212.59
1437436800,1.64,1.64,1.64,1.64,211.75
1437523200,1.58,1.58,1.58,1.58,211.37
1437609600,1.57,1.57,1.57,1.57,210.18
1437696000,1.57,1.57,1.57,1.57,208
1437955200,1.55,1.55,1.55,1.55,206.79
1438041600,1.57,1.57,1.57,1.57,209.33
1438128000,1.59,1.59,1.59,1.59,210.77
1438214400,1.56,1.56,1.56,1.56,210.82
1438300800,1.53,1.53,1.53,1.53,210.5
1438560000,1.48,1.48,1.48,1.48,209.79
1438646400,1.49,1.49,1.49,1.49,209.38
1438732800,1.55,1.55,1.55,1.55,210.07
1438819200,1.52,1.52,1.52,1.52,208.35
1438905600,1.45,1.45,1.45,1.45,207.95
1439164800,1.51,1.51,1.51,1.51,210.57
1439251200,1.47,1.47,1.47,1.47,208.67
1439337600,1.47,1.47,1.47,1.47,208.92
1439424000,1.47,1.47,1.47,1.47,208.66
1439510400,1.47,1.47,1.47,1.47,209.42
1439769600,1.44,1.44,1.44,1.44,210.59
1439856000,1.46,1.46,1.46,1.46,209.98
1439942400,1.45,1.45,1.45,1.45,208.32
1440028800,1.4,1.4,1.4,1.4,203.97
1440115200,1.41,1.41,1.41,1.41,197.63
1440374400,1.42,1.42,1.42,1.42,189.55
1440460800,1.45,1.45,1.45,1.45,187.27
1440547200,1.51,1.51,1.51,1.51,194.46
1440633600,1.5,1.5,1.5,1.5,199.27
1440720000,1.47,1.47,1.47,1.47,199.28
1440979200,1.47,1.47,1.47,1.47,197.67
1441065600,1.47,1.47,1.47,1.47,191.77
1441152000,1.48,1.48,1.48,1.48,195.41
1441238400,1.47,1.47,1.47,1.47,195.55
1441324800,1.42,1.42,1.42,1.42,192.59
1441670400,1.46,1.46,1.46,1.46,197.43
1441756800,1.46,1.46,1.46,1.46,194.79
1441843200,1.48,1.48,1.48,1.48,195.85
1441929600,1.49,1.49,1.49,1.49,196.74
1442188800,1.45,1.45,1.45,1.45,196.01
1442275200,1.46,1.46,1.46,1.46,198.46
1442361600,1.48,1.48,1.48,1.48,200.18
1442448000,1.51,1.51,1.51,1.51,199.73
1442534400,1.44,1.44,1.44,1.44,195.45
1442793600,1.48,1.48,1.48,1.48,196.46
1442880000,1.45,1.45,1.45,1.45,193.91
1442966400,1.46,1.46,1.46,1.46,193.6
1443052800,1.46,1.46,1.46,1.46,192.9
1443139200,1.47,1.47,1.47,1.47,192.85
1443398400,1.43,1.43,1.43,1.43,188.01
1443484800,1.41,1.41,1.41,1.41,188.12
1443571200,1.42,1.42,1.42,1.42,191.63
1443657600,1.41,1.41,1.41,1.41,192.13
1443744000,1.41,1.41,1.41,1.41,195
1444003200,1.46,1.46,1.46,1.46,198.47
1444089600,1.44,1.44,1.44,1.44,197.79
1444176000,1.43,1.43,1.43,1.43,199.41
1444262400,1.47,1.47,1.47,1.47,201.21
1444348800,1.47,1.47,1.47,1.47,201.33
1444694400,1.42,1.42,1.42,1.42,200.25
1444780800,1.42,1.42,1.42,1.42,199.29
1444867200,1.43,1.43,1.43,1.43,202.35
1444953600,1.43,1.43,1.43,1.43,203.27
1445212800,1.43,1.43,1.43,1.43,203.37
1445299200,1.42,1.42,1.42,1.42,203.09
1445385600,1.4,1.4,1.4,1.4,201.85
1445472000,1.43,1.43,1.43,1.43,205.26
1445558400,1.43,1.43,1.43,1.43,207.51
1445817600,1.41,1.41,1.41,1.41,207
1445904000,1.4,1.4,1.4,1.4,206.6
1445990400,1.37,1.37,1.37,1.37,208.95
1446076800,1.44,1.44,1.44,1.44,208.83
1446163200,1.41,1.41,1.41,1.41,207.93
1446422400,1.43,1.43,1.43,1.43,210.39
1446508800,1.43,1.43,1.43,1.43,211
1446595200,1.41,1.41,1.41,1.41,210.36
1446681600,1.41,1.41,1.41,1.41,210.15
1446768000,1.44,1.44,1.44,1.44,210.04
1447027200,1.47,1.47,1.47,1.47,208.08
1447113600,1.45,1.45,1.45,1.45,208.56
1447286400,1.43,1.43,1.43,1.43,204.84
1447372800,1.42,1.42,1.42,1.42,202.54
1447632000,1.39,1.39,1.39,1.39,205.62
1447718400,1.39,1.39,1.39,1.39,205.47
1447804800,1.37,1.37,1.37,1.37,208.73
1447891200,1.33,1.33,1.33,1.33,208.55
1447977600,1.33,1.33,1.33,1.33,209.3108
1448236800,1.31,1.31,1.31,1.31,209.07
1448323200,1.31,1.31,1.31,1.31,209.35
1448409600,1.3,1.3,1.3,1.3,209.32
1448582400,1.3,1.3,1.3,1.3,209.56
1448841600,1.27,1.27,1.27,1.27,208.69
1448928000,1.24,1.24,1.24,1.24,210.68
1449014400,1.24,1.24,1.24,1.24,208.529
1449100800,1.37,1.37,1.37,1.37,205.61
1449187200,1.32,1.32,1.32,1.32,209.62
1449446400,1.29,1.29,1.29,1.29,208.35
1449532800,1.3,1.3,1.3,1.3,206.949
1449619200,1.29,1.29,1.29,1.29,205.34
1449705600,1.29,1.29,1.29,1.29,205.87
1449792000,1.25,1.25,1.25,1.25,201.88
1450051200,1.26,1.26,1.26,1.26,202.9008
1450137600,1.3,1.3,1.3,1.3,205.0308
1450224000,1.28,1.28,1.28,1.28,208.03
1450310400,1.24,1.24,1.24,1.24,204.86
1450396800,1.22,1.22,1.22,1.22,200.0208
1450656000,1.24,1.24,1.24,1.24,201.67
1450742400,1.25,1.25,1.25,1.25,203.5
1450828800,1.26,1.26,1.26,1.26,206.02
1450915200,1.22,1.22,1.22,1.22,205.68
1451260800,1.19,1.19,1.19,1.19,205.21
1451347200,1.23,1.23,1.23,1.23,207.4
1451433600,1.23,1.23,1.23,1.23,205.93
1451520000,1.21,1.21,1.21,1.21,203.87
1451865600,1.22,1.22,1.22,1.22,201.0192
1451952000,1.21,1.21,1.21,1.21,201.36
1452038400,1.19,1.19,1.19,1.19,198.82
1452124800,1.2,1.2,1.2,1.2,194.05
1452211200,1.19,1.19,1.19,1.19,191.923
1452470400,1.23,1.23,1.23,1.23,192.11
1452556800,1.19,1.19,1.19,1.19,193.6608
1452643200,1.17,1.17,1.17,1.17,188.83
1452729600,1.2,1.2,1.2,1.2,191.93
1452816000,1.18,1.18,1.18,1.18,187.81
1453161600,1.18,1.18,1.18,1.18,188.06
1453248000,1.16,1.16,1.16,1.16,185.65
1453334400,1.18,1.18,1.18,1.18,186.69
1453420800,1.19,1.19,1.19,1.19,190.52
1453680000,1.15,1.15,1.15,1.15,187.64
1453766400,1.16,1.16,1.16,1.16,190.2
1453852800,1.18,1.18,1.18,1.18,188.13
1453939200,1.17,1.17,1.17,1.17,189.11
1454025600,1.18,1.18,1.18,1.18,193.7208
1454284800,1.16,1.16,1.16,1.16,193.65
1454371200,1.12,1.12,1.12,1.12,190.16
1454457600,1.16,1.16,1.16,1.16,191.3
1454544000,1.17,1.17,1.17,1.17,191.6
1454630400,1.12,1.12,1.12,1.12,187.95
1454889600,1.09,1.09,1.09,1.09,185.42
1454976000,1.05,1.05,1.05,1.05,185.43
1455062400,1,1,1,1,185.27
1455148800,0.99,0.99,0.99,0.99,182.86
1455235200,1.03,1.03,1.03,1.03,186.63
1455580800,1.04,1.04,1.04,1.04,189.78
1455667200,1.07,1.07,1.07,1.07,192.88
1455753600,1.04,1.04,1.04,1.04,192.09
1455840000,1,1,1,1,192
1456099200,0.99,0.99,0.99,0.99,194.78
1456185600,0.98,0.98,0.98,0.98,192.32
1456272000,1,1,1,1,193.2
1456358400,0.99,0.99,0.99,0.99,195.54
1456444800,0.96,0.96,0.96,0.96,195.0892
1456704000,0.96,0.96,0.96,0.96,193.56
1456790400,0.98,0.98,0.98,0.98,198.11
1456876800,0.99,0.99,0.99,0.99,199
1456963200,0.98,0.98,0.98,0.98,199.775
1457049600,1,1,1,1,200.43
1457308800,1,1,1,1,200.59
1457395200,0.95,0.95,0.95,0.95,198.4
1457481600,1,1,1,1,199.38
1457568000,1,1,1,1,199.54
1457654400,1.01,1.01,1.01,1.01,202.76
1457913600,1,1,1,1,202.5
1458000000,0.99,0.99,0.99,0.99,202.17
1458086400,1.07,1.07,1.07,1.07,203.34
1458172800,1.04,1.04,1.04,1.04,204.63
1458259200,1.04,1.04,1.04,1.04,204.38
1458518400,1.05,1.05,1.05,1.05,204.67
1458604800,1.03,1.03,1.03,1.03,204.56
1458691200,1.01,1.01,1.01,1.01,203.2092
1458777600,1.02,1.02,1.02,1.02,203.12
1459123200,1,1,1,1,203.24
1459209600,1.03,1.03,1.03,1.03,205.1208
1459296000,1.07,1.07,1.07,1.07,206.02
1459382400,1.05,1.05,1.05,1.05,205.52
1459468800,1.03,1.03,1.03,1.03,206.92
1459728000,1.03,1.03,1.03,1.03,206.25
1459814400,1.01,1.01,1.01,1.01,204.1892
1459900800,1.03,1.03,1.03,1.03,206.42
1459987200,1,1,1,1,203.95
1460073600,1.02,1.02,1.02,1.02,204.4992
1460332800,1.03,1.03,1.03,1.03,204.0201
1460419200,1.05,1.05,1.05,1.05,205.92
1460505600,1.02,1.02,1.02,1.02,208.0008
1460592000,1.03,1.03,1.03,1.03,208.01
1460678400,1.02,1.02,1.02,1.02,207.78
1460937600,1.03,1.03,1.03,1.03,209.2392
1461024000,1.02,1.02,1.02,1.02,209.9
1461110400,1.05,1.05,1.05,1.05,210.1
1461196800,1.06,1.06,1.06,1.06,208.97
1461283200,1.05,1.05,1.05,1.05,208.97
1461542400,1.06,1.06,1.06,1.06,208.61
1461628800,1.08,1.08,1.08,1.08,208.9192
1461715200,1.04,1.04,1.04,1.04,209.35
1461801600,1.06,1.06,1.06,1.06,207.4475
1461888000,1.06,1.06,1.06,1.06,206.3308
1462147200,1.08,1.08,1.08,1.08,207.97
1462233600,1.06,1.06,1.06,1.06,206.1592
1462320000,1.04,1.04,1.04,1.04,205.01
1462406400,1.04,1.04,1.04,1.04,204.97
1462492800,1.05,1.05,1.05,1.05,205.72
1462752000,1.05,1.05,1.05,1.05,205.8892
1462838400,1.05,1.05,1.05,1.05,208.45
1462924800,0.99,0.99,0.99,0.99,206.5
1463011200,0.99,0.99,0.99,0.99,206.56
1463097600,0.95,0.95,0.95,0.95,204.76
1463356800,0.96,0.96,0.96,0.96,206.78
1463443200,0.94,0.94,0.94,0.94,204.8508
1463529600,0.97,0.97,0.97,0.97,204.91
1463616000,0.96,0.96,0.96,0.96,204.2
1463702400,0.96,0.96,0.96,0.96,205.49
1463961600,0.93,0.93,0.93,0.93,205.21
1464048000,0.94,0.94,0.94,0.94,207.87
1464134400,0.95,0.95,0.95,0.95,209.28
1464220800,0.96,0.96,0.96,0.96,209.34
1464307200,0.95,0.95,0.95,0.95,210.24
1464652800,0.97,0.97,0.97,0.97,209.84
1464739200,0.94,0.94,0.94,0.94,210.27
1464825600,0.92,0.92,0.92,0.92,210.91
1464912000,0.93,0.93,0.93,0.93,210.28
1465171200,0.93,0.93,0.93,0.93,211.35
1465257600,0.94,0.94,0.94,0.94,211.68
1465344000,0.93,0.93,0.93,0.93,212.37
1465430400,0.91,0.91,0.91,0.91,212.08
1465516800,0.91,0.91,0.91,0.91,210.07
1465776000,0.89,0.89,0.89,0.89,208.4492
1465862400,0.88,0.88,0.88,0.88,208.04
1465948800,0.91,0.91,0.91,0.91,207.75
1466035200,0.87,0.87,0.87,0.87,208.37
1466121600,0.92,0.92,0.92,0.92,206.52
1466380800,0.93,0.93,0.93,0.93,207.85
1466467200,0.95,0.95,0.95,0.95,208.44
1466553600,0.94,0.94,0.94,0.94,208.1
1466640000,0.96,0.96,0.96,0.96,210.81
1466726400,0.93,0.93,0.93,0.93,203.13
1466985600,0.85,0.85,0.85,0.85,199.6
1467072000,0.85,0.85,0.85,0.85,203.1997
1467158400,0.88,0.88,0.88,0.88,206.66
1467244800,0.91,0.91,0.91,0.91,209.475
1467331200,0.87,0.87,0.87,0.87,209.9208
1467676800,0.81,0.81,0.81,0.81,208.41
1467763200,0.8,0.8,0.8,0.8,209.66
1467849600,0.82,0.82,0.82,0.82,209.526
1467936000,0.76,0.76,0.76,0.76,212.65
1468195200,0.77,0.77,0.77,0.77,213.4
1468281600,0.84,0.84,0.84,0.84,214.95
1468368000,0.8,0.8,0.8,0.8,214.92
1468454400,0.85,0.85,0.85,0.85,216.12
1468540800,0.89,0.89,0.89,0.89,215.83
1468800000,0.91,0.91,0.91,0.91,216.4092
1468886400,0.86,0.86,0.86,0.86,216.19
1468972800,0.86,0.86,0.86,0.86,217.085
1469059200,0.87,0.87,0.87,0.87,216.265
1469145600,0.86,0.86,0.86,0.86,217.24
1469404800,0.86,0.86,0.86,0.86,216.65
1469491200,0.82,0.82,0.82,0.82,216.75
1469577600,0.79,0.79,0.79,0.79,216.52
1469664000,0.8,0.8,0.8,0.8,216.77
1469750400,0.79,0.79,0.79,0.79,217.12
1470009600,0.84,0.84,0.84,0.84,216.94
1470096000,0.88,0.88,0.88,0.88,215.5492
1470182400,0.88,0.88,0.88,0.88,216.18
1470268800,0.87,0.87,0.87,0.87,216.4097
1470355200,0.87,0.87,0.87,0.87,218.18
1470614400,0.85,0.85,0.85,0.85,218.05
1470700800,0.84,0.84,0.84,0.84,218.18
1470787200,0.81,0.81,0.81,0.81,217.64
1470873600,0.81,0.81,0.81,0.81,218.65
1470960000,0.8,0.8,0.8,0.8,218.46
1471219200,0.83,0.83,0.83,0.83,219.09
1471305600,0.81,0.81,0.81,0.81,217.96
1471392000,0.82,0.82,0.82,0.82,218.37
1471478400,0.82,0.82,0.82,0.82,218.86
1471564800,0.82,0.82,0.82,0.82,218.54
1471824000,0.79,0.79,0.79,0.79,218.53
1471910400,0.81,0.81,0.81,0.81,218.97
1471996800,0.8,0.8,0.8,0.8,217.85
1472083200,0.8,0.8,0.8,0.8,217.7
1472169600,0.78,0.78,0.78,0.78,217.29
1472428800,0.76,0.76,0.76,0.76,218.3608
1472515200,0.77,0.77,0.77,0.77,218
1472601600,0.78,0.78,0.78,0.78,217.38
1472688000,0.79,0.79,0.79,0.79,217.39
1472774400,0.8,0.8,0.8,0.8,218.37
1473120000,0.81,0.81,0.81,0.81,219.0308
1473206400,0.8,0.8,0.8,0.8,219.01
1473292800,0.83,0.83,0.83,0.83,218.51
1473379200,0.88,0.88,0.88,0.88,213.28
1473638400,0.89,0.89,0.89,0.89,216.34
1473724800,0.93,0.93,0.93,0.93,213.23
1473811200,0.93,0.93,0.93,0.93,213.15
1473897600,0.97,0.97,0.97,0.97,215.28
1473984000,0.93,0.93,0.93,0.93,213.37
1474243200,0.91,0.91,0.91,0.91,213.41
1474329600,0.9,0.9,0.9,0.9,213.42
1474416000,0.87,0.87,0.87,0.87,215.82
1474502400,0.84,0.84,0.84,0.84,217.18
1474588800,0.85,0.85,0.85,0.85,215.99
1474848000,0.83,0.83,0.83,0.83,214.24
1474934400,0.81,0.81,0.81,0.81,215.57
1475020800,0.82,0.82,0.82,0.82,216.64
1475107200,0.83,0.83,0.83,0.83,214.68
1475193600,0.83,0.83,0.83,0.83,216.3
1475452800,0.83,0.83,0.83,0.83,215.78
1475539200,0.87,0.87,0.87,0.87,214.68
1475625600,0.87,0.87,0.87,0.87,215.63
1475712000,0.89,0.89,0.89,0.89,215.78
1475798400,0.9,0.9,0.9,0.9,215.04
1476144000,0.9,0.9,0.9,0.9,213.43
1476230400,0.92,0.92,0.92,0.92,213.71
1476316800,0.9,0.9,0.9,0.9,213.01
1476403200,0.96,0.96,0.96,0.96,213.12
1476662400,0.96,0.96,0.96,0.96,212.38
1476748800,0.93,0.93,0.93,0.93,213.71
1476835200,0.95,0.95,0.95,0.95,214.28
1476921600,0.92,0.92,0.92,0.92,213.88
1477008000,0.9,0.9,0.9,0.9,213.98
1477267200,0.93,0.93,0.93,0.93,214.89
1477353600,0.91,0.91,0.91,0.91,214.17
1477440000,0.93,0.93,0.93,0.93,213.74
1477526400,0.98,0.98,0.98,0.98,213.17
1477612800,1,1,1,1,212.54
1477872000,0.98,0.98,0.98,0.98,212.55
1477958400,1,1,1,1,211.01
1478044800,1,1,1,1,209.74
1478131200,1.01,1.01,1.01,1.01,208.78
1478217600,0.99,0.99,0.99,0.99,208.55
1478476800,1.01,1.01,1.01,1.01,213.15
1478563200,1.01,1.01,1.01,1.01,214.11
1478649600,1.17,1.17,1.17,1.17,216.3792
1478736000,1.23,1.23,1.23,1.23,216.92
1479081600,1.23,1.23,1.23,1.23,216.59
1479168000,1.21,1.21,1.21,1.21,218.28
1479254400,1.22,1.22,1.22,1.22,217.87
1479340800,1.25,1.25,1.25,1.25,218.99
1479427200,1.27,1.27,1.27,1.27,218.5
1479686400,1.25,1.25,1.25,1.25,220.15
1479772800,1.24,1.24,1.24,1.24,220.58
1479859200,1.24,1.24,1.24,1.24,220.7
1480032000,1.24,1.24,1.24,1.24,221.52
1480291200,1.21,1.21,1.21,1.21,220.48
1480377600,1.21,1.21,1.21,1.21,220.91
1480464000,1.26,1.26,1.26,1.26,220.38
1480550400,1.31,1.31,1.31,1.31,219.57
1480636800,1.29,1.29,1.29,1.29,219.68
1480896000,1.26,1.26,1.26,1.26,221
1480982400,1.27,1.27,1.27,1.27,221.7
1481068800,1.24,1.24,1.24,1.24,224.6
1481155200,1.28,1.28,1.28,1.28,225.15
1481241600,1.32,1.32,1.32,1.32,226.51
1481500800,1.34,1.34,1.34,1.34,226.25
1481587200,1.31,1.31,1.31,1.31,227.76
1481673600,1.27,1.27,1.27,1.27,225.88
1481760000,1.31,1.31,1.31,1.31,226.81
1481846400,1.32,1.32,1.32,1.32,225.04
1482105600,1.3,1.3,1.3,1.3,225.53
1482192000,1.32,1.32,1.32,1.32,226.4
1482278400,1.34,1.34,1.34,1.34,225.77
1482364800,1.33,1.33,1.33,1.33,225.38
1482451200,1.33,1.33,1.33,1.33,225.71
1482796800,1.29,1.29,1.29,1.29,226.27
1482883200,1.25,1.25,1.25,1.25,224.4
1482969600,1.27,1.27,1.27,1.27,224.35
1483056000,1.25,1.25,1.25,1.25,223.53
1483401600,1.23,1.23,1.23,1.23,225.24
1483488000,1.22,1.22,1.22,1.22,226.58
1483574400,1.2,1.2,1.2,1.2,226.4
1483660800,1.2,1.2,1.2,1.2,227.21
1483920000,1.17,1.17,1.17,1.17,226.46
1484006400,1.19,1.19,1.19,1.19,226.46
1484092800,1.18,1.18,1.18,1.18,227.1
1484179200,1.18,1.18,1.18,1.18,226.53
1484265600,1.19,1.19,1.19,1.19,227.05
1484611200,1.16,1.16,1.16,1.16,226.25
1484697600,1.19,1.19,1.19,1.19,226.75
1484784000,1.22,1.22,1.22,1.22,225.91
1484870400,1.28,1.28,1.28,1.28,226.74
1485129600,1.25,1.25,1.25,1.25,226.15
1485216000,1.26,1.26,1.26,1.26,227.6
1485302400,1.3,1.3,1.3,1.3,229.57
1485388800,1.3,1.3,1.3,1.3,229.33
1485475200,1.27,1.27,1.27,1.27,228.97
1485734400,1.27,1.27,1.27,1.27,227.55
1485820800,1.26,1.26,1.26,1.26,227.53
1485907200,1.26,1.26,1.26,1.26,227.62
1485993600,1.27,1.27,1.27,1.27,227.77
1486080000,1.28,1.28,1.28,1.28,229.34
1486339200,1.26,1.26,1.26,1.26,228.93
1486425600,1.24,1.24,1.24,1.24,228.94
1486512000,1.19,1.19,1.19,1.19,229.24
1486598400,1.2,1.2,1.2,1.2,230.6
1486684800,1.21,1.21,1.21,1.21,231.51
1486944000,1.23,1.23,1.23,1.23,232.77
1487030400,1.22,1.22,1.22,1.22,233.7
1487116800,1.24,1.24,1.24,1.24,234.92
1487203200,1.23,1.23,1.23,1.23,234.72
1487289600,1.21,1.21,1.21,1.21,235.09
1487635200,1.21,1.21,1.21,1.21,236.49
1487721600,1.2,1.2,1.2,1.2,236.28
1487808000,1.2,1.2,1.2,1.2,236.44
1487894400,1.19,1.19,1.19,1.19,236.74
1488153600,1.16,1.16,1.16,1.16,237.11
1488240000,1.14,1.14,1.14,1.14,236.47
1488326400,1.17,1.17,1.17,1.17,239.78
1488412800,1.17,1.17,1.17,1.17,238.27
1488499200,1.17,1.17,1.17,1.17,238.42
1488758400,1.18,1.18,1.18,1.18,237.71
1488844800,1.2,1.2,1.2,1.2,237
1488931200,1.21,1.21,1.21,1.21,236.56
1489017600,1.23,1.23,1.23,1.23,236.86
1489104000,1.22,1.22,1.22,1.22,237.69
1489363200,1.22,1.22,1.22,1.22,237.81
1489449600,1.2,1.2,1.2,1.2,236.9
1489536000,1.18,1.18,1.18,1.18,238.95
1489622400,1.18,1.18,1.18,1.18,238.48
1489708800,1.17,1.17,1.17,1.17,237.03
1489968000,1.17,1.17,1.17,1.17,236.77
1490054400,1.16,1.16,1.16,1.16,233.73
1490140800,1.13,1.13,1.13,1.13,234.28
1490227200,1.15,1.15,1.15,1.15,234.03
1490313600,1.14,1.14,1.14,1.14,233.86
1490572800,1.11,1.11,1.11,1.11,233.62
1490659200,1.12,1.12,1.12,1.12,235.32
1490745600,1.13,1.13,1.13,1.13,235.54
1490832000,1.14,1.14,1.14,1.14,236.29
1490918400,1.13,1.13,1.13,1.13,235.74
1491177600,1.11,1.11,1.11,1.11,235.33
1491264000,1.11,1.11,1.11,1.11,235.48
1491350400,1.1,1.1,1.1,1.1,234.78
1491436800,1.1,1.1,1.1,1.1,235.44
1491523200,1.09,1.09,1.09,1.09,235.2
1491782400,1.08,1.08,1.08,1.08,235.34
1491868800,1.08,1.08,1.08,1.08,235.06
1491955200,1.04,1.04,1.04,1.04,234.03
1492041600,1.03,1.03,1.03,1.03,232.51
1492387200,1.05,1.05,1.05,1.05,234.57
1492473600,1,1,1,1,233.87
1492560000,1.02,1.02,1.02,1.02,233.44
1492646400,1.03,1.03,1.03,1.03,235.34
1492732800,1.04,1.04,1.04,1.04,234.59
1492992000,1.03,1.03,1.03,1.03,237.17
1493078400,1.06,1.06,1.06,1.06,238.55
1493164800,1.04,1.04,1.04,1.04,238.4
1493251200,1.05,1.05,1.05,1.05,238.6
1493337600,1.01,1.01,1.01,1.01,238.08
1493596800,1.05,1.05,1.05,1.05,238.68
1493683200,1.02,1.02,1.02,1.02,238.77
1493769600,1.03,1.03,1.03,1.03,238.48
1493856000,1.04,1.04,1.04,1.04,238.76
1493942400,1.04,1.04,1.04,1.04,239.7
1494201600,1.06,1.06,1.06,1.06,239.66
1494288000,1.05,1.05,1.05,1.05,239.44
1494374400,1.06,1.06,1.06,1.06,239.87
1494460800,1.04,1.04,1.04,1.04,239.38
1494547200,1.04,1.04,1.04,1.04,238.98
1494806400,1.03,1.03,1.03,1.03,240.3
1494892800,1.04,1.04,1.04,1.04,240.08
1494979200,0.96,0.96,0.96,0.96,235.82
1495065600,0.96,0.96,0.96,0.96,236.77
1495152000,0.95,0.95,0.95,0.95,238.31
1495411200,0.96,0.96,0.96,0.96,239.52
1495497600,0.98,0.98,0.98,0.98,240.05
1495584000,0.97,0.97,0.97,0.97,240.61
1495670400,0.95,0.95,0.95,0.95,241.76
1495756800,0.95,0.95,0.95,0.95,241.71
1496102400,0.93,0.93,0.93,0.93,241.5
1496188800,0.93,0.93,0.93,0.93,241.44
1496275200,0.93,0.93,0.93,0.93,243.36
1496361600,0.87,0.87,0.87,0.87,244.17
1496620800,0.86,0.86,0.86,0.86,243.99
1496707200,0.84,0.84,0.84,0.84,243.21
1496793600,0.86,0.86,0.86,0.86,243.66
1496880000,0.86,0.86,0.86,0.86,243.78
1496966400,0.86,0.86,0.86,0.86,243.41
1497225600,0.86,0.86,0.86,0.86,243.36
1497312000,0.83,0.83,0.83,0.83,244.55
1497398400,0.8,0.8,0.8,0.8,244.24
1497484800,0.81,0.81,0.81,0.81,243.77
1497571200,0.84,0.84,0.84,0.84,242.64
1497830400,0.83,0.83,0.83,0.83,244.66
1497916800,0.8,0.8,0.8,0.8,243.01
1498003200,0.8,0.8,0.8,0.8,242.95
1498089600,0.81,0.81,0.81,0.81,242.84
1498176000,0.81,0.81,0.81,0.81,243.13
1498435200,0.78,0.78,0.78,0.78,243.29
1498521600,0.83,0.83,0.83,0.83,241.33
1498608000,0.88,0.88,0.88,0.88,243.49
1498694400,0.89,0.89,0.89,0.89,241.35
1498780800,0.93,0.93,0.93,0.93,241.8
1499040000,0.94,0.94,0.94,0.94,242.21
1499212800,0.92,0.92,0.92,0.92,242.77
1499299200,0.97,0.97,0.97,0.97,240.55
1499385600,0.99,0.99,0.99,0.99,242.11
1499644800,0.98,0.98,0.98,0.98,242.37
1499731200,1,1,1,1,242.19
1499817600,0.98,0.98,0.98,0.98,244.01
1499904000,0.98,0.98,0.98,0.98,244.42
1499990400,0.98,0.98,0.98,0.98,245.56
1500249600,0.95,0.95,0.95,0.95,245.53
1500336000,0.91,0.91,0.91,0.91,245.66
1500422400,0.9,0.9,0.9,0.9,246.99
1500508800,0.9,0.9,0.9,0.9,247.1
1500595200,0.88,0.88,0.88,0.88,246.88
1500854400,0.89,0.89,0.89,0.89,246.82
1500940800,0.93,0.93,0.93,0.93,247.42
1501027200,0.93,0.93,0.93,0.93,247.43
1501113600,0.96,0.96,0.96,0.96,247.2
1501200000,0.96,0.96,0.96,0.96,246.91
1501459200,0.96,0.96,0.96,0.96,246.77
1501545600,0.92,0.92,0.92,0.92,247.32
1501632000,0.91,0.91,0.91,0.91,247.44
1501718400,0.9,0.9,0.9,0.9,246.96
1501804800,0.91,0.91,0.91,0.91,247.41
1502064000,0.9,0.9,0.9,0.9,247.87
1502150400,0.93,0.93,0.93,0.93,247.26
1502236800,0.91,0.91,0.91,0.91,247.25
1502323200,0.87,0.87,0.87,0.87,243.76
1502409600,0.89,0.89,0.89,0.89,244.12
1502668800,0.89,0.89,0.89,0.89,246.54
1502755200,0.92,0.92,0.92,0.92,246.51
1502841600,0.9,0.9,0.9,0.9,246.94
1502928000,0.87,0.87,0.87,0.87,243.09
1503014400,0.86,0.86,0.86,0.86,242.71
1503273600,0.86,0.86,0.86,0.86,242.9
1503360000,0.89,0.89,0.89,0.89,245.44
1503446400,0.85,0.85,0.85,0.85,244.56
1503532800,0.86,0.86,0.86,0.86,243.99
1503619200,0.82,0.82,0.82,0.82,244.56
1503878400,0.83,0.83,0.83,0.83,244.57
1503964800,0.8,0.8,0.8,0.8,244.85
1504051200,0.82,0.82,0.82,0.82,246.01
1504137600,0.79,0.79,0.79,0.79,247.49
1504224000,0.81,0.81,0.81,0.81,247.84
1504569600,0.77,0.77,0.77,0.77,246.06
1504656000,0.8,0.8,0.8,0.8,246.9
1504742400,0.78,0.78,0.78,0.78,246.87
1504828800,0.79,0.79,0.79,0.79,246.58
1505088000,0.82,0.82,0.82,0.82,249.21
1505174400,0.84,0.84,0.84,0.84,250.05
1505260800,0.85,0.85,0.85,0.85,250.17
1505347200,0.83,0.83,0.83,0.83,250.09
1505433600,0.81,0.81,0.81,0.81,249.19
1505692800,0.83,0.83,0.83,0.83,249.72
1505779200,0.84,0.84,0.84,0.84,249.97
1505865600,0.83,0.83,0.83,0.83,250.06
1505952000,0.82,0.82,0.82,0.82,249.39
1506038400,0.8,0.8,0.8,0.8,249.44
1506297600,0.78,0.78,0.78,0.78,248.93
1506384000,0.79,0.79,0.79,0.79,249.08
1506470400,0.84,0.84,0.84,0.84,250.05
1506556800,0.86,0.86,0.86,0.86,250.35
1506643200,0.86,0.86,0.86,0.86,251.23
1506902400,0.85,0.85,0.85,0.85,252.32
1506988800,0.86,0.86,0.86,0.86,252.86
1507075200,0.86,0.86,0.86,0.86,253.16
1507161600,0.86,0.86,0.86,0.86,254.66
1507248000,0.83,0.83,0.83,0.83,254.37
1507593600,0.84,0.84,0.84,0.84,254.62
1507680000,0.84,0.84,0.84,0.84,255.02
1507766400,0.82,0.82,0.82,0.82,254.64
1507852800,0.77,0.77,0.77,0.77,254.95
1508112000,0.76,0.76,0.76,0.76,255.29
1508198400,0.76,0.76,0.76,0.76,255.47
1508284800,0.75,0.75,0.75,0.75,255.72
1508371200,0.75,0.75,0.75,0.75,255.79
1508457600,0.79,0.79,0.79,0.79,257.11
1508716800,0.8,0.8,0.8,0.8,256.11
1508803200,0.82,0.82,0.82,0.82,256.56
1508889600,0.83,0.83,0.83,0.83,255.29
1508976000,0.83,0.83,0.83,0.83,255.62
1509062400,0.83,0.83,0.83,0.83,257.71
1509321600,0.79,0.79,0.79,0.79,256.75
1509408000,0.78,0.78,0.78,0.78,257.15
1509494400,0.76,0.76,0.76,0.76,257.49
1509580800,0.74,0.74,0.74,0.74,257.59
1509667200,0.71,0.71,0.71,0.71,258.45
1509926400,0.71,0.71,0.71,0.71,258.85
1510012800,0.69,0.69,0.69,0.69,258.67
1510099200,0.67,0.67,0.67,0.67,259.11
1510185600,0.7,0.7,0.7,0.7,258.17
1510272000,0.73,0.73,0.73,0.73,258.09
1510531200,0.7,0.7,0.7,0.7,258.33
1510617600,0.7,0.7,0.7,0.7,257.73
1510704000,0.65,0.65,0.65,0.65,256.44
1510790400,0.65,0.65,0.65,0.65,258.62
1510876800,0.62,0.62,0.62,0.62,257.86
1511136000,0.6,0.6,0.6,0.6,258.3
1511222400,0.59,0.59,0.59,0.59,259.99
1511308800,0.58,0.58,0.58,0.58,259.76
1511481600,0.59,0.59,0.59,0.59,260.36
1511740800,0.58,0.58,0.58,0.58,260.23
1511827200,0.59,0.59,0.59,0.59,262.87
1511913600,0.59,0.59,0.59,0.59,262.71
1512000000,0.64,0.64,0.64,0.64,265.01
1512086400,0.59,0.59,0.59,0.59,264.46
1512345600,0.57,0.57,0.57,0.57,264.14
1512432000,0.53,0.53,0.53,0.53,263.19
1512518400,0.55,0.55,0.55,0.55,263.24
1512604800,0.57,0.57,0.57,0.57,264.07
1512691200,0.58,0.58,0.58,0.58,265.51
1512950400,0.57,0.57,0.57,0.57,266.31
1513036800,0.57,0.57,0.57,0.57,266.78
1513123200,0.57,0.57,0.57,0.57,266.75
1513209600,0.53,0.53,0.53,0.53,265.66
1513296000,0.51,0.51,0.51,0.51,266.51
1513555200,0.55,0.55,0.55,0.55,268.2
1513641600,0.59,0.59,0.59,0.59,267.17
1513728000,0.62,0.62,0.62,0.62,267.03
1513814400,0.59,0.59,0.59,0.59,267.58
1513900800,0.57,0.57,0.57,0.57,267.51
1514246400,0.55,0.55,0.55,0.55,267.19
1514332800,0.53,0.53,0.53,0.53,267.32
1514419200,0.52,0.52,0.52,0.52,267.87
1514505600,0.51,0.51,0.51,0.51,266.86
1514851200,0.54,0.54,0.54,0.54,268.77
1514937600,0.5,0.5,0.5,0.5,270.47
1515024000,0.5,0.5,0.5,0.5,271.61
1515110400,0.51,0.51,0.51,0.51,273.42
1515369600,0.53,0.53,0.53,0.53,273.92
1515456000,0.57,0.57,0.57,0.57,274.54
1515542400,0.57,0.57,0.57,0.57,274.12
1515628800,0.56,0.56,0.56,0.56,276.12
1515715200,0.56,0.56,0.56,0.56,277.92
1516060800,0.51,0.51,0.51,0.51,276.97
1516147200,0.52,0.52,0.52,0.52,279.61
1516233600,0.57,0.57,0.57,0.57,279.14
1516320000,0.58,0.58,0.58,0.58,280.41
1516579200,0.58,0.58,0.58,0.58,282.69
1516665600,0.57,0.57,0.57,0.57,283.29
1516752000,0.57,0.57,0.57,0.57,283.18
1516838400,0.55,0.55,0.55,0.55,283.3
1516924800,0.53,0.53,0.53,0.53,286.58
1517184000,0.59,0.59,0.59,0.59,284.68
1517270400,0.6,0.6,0.6,0.6,281.76
1517356800,0.58,0.58,0.58,0.58,281.9
1517443200,0.62,0.62,0.62,0.62,281.58
1517529600,0.69,0.69,0.69,0.69,275.45
1517788800,0.69,0.69,0.69,0.69,263.93
1517875200,0.69,0.69,0.69,0.69,269.13
1517961600,0.69,0.69,0.69,0.69,267.67
1518048000,0.72,0.72,0.72,0.72,257.63
1518134400,0.78,0.78,0.78,0.78,261.5
1518393600,0.77,0.77,0.77,0.77,265.34
1518480000,0.73,0.73,0.73,0.73,266
1518566400,0.74,0.74,0.74,0.74,269.59
1518652800,0.71,0.71,0.71,0.71,273.03
1518739200,0.66,0.66,0.66,0.66,273.11
1519084800,0.63,0.63,0.63,0.63,271.4
1519171200,0.68,0.68,0.68,0.68,270.05
1519257600,0.67,0.67,0.67,0.67,270.4
1519344000,0.63,0.63,0.63,0.63,274.71
1519603200,0.64,0.64,0.64,0.64,277.9
1519689600,0.63,0.63,0.63,0.63,274.43
1519776000,0.62,0.62,0.62,0.62,271.65
1519862400,0.59,0.59,0.59,0.59,267.7
1519948800,0.61,0.61,0.61,0.61,269.08
1520208000,0.64,0.64,0.64,0.64,272.19
1520294400,0.63,0.63,0.63,0.63,272.88
1520380800,0.64,0.64,0.64,0.64,272.78
1520467200,0.61,0.61,0.61,0.61,274.1
1520553600,0.63,0.63,0.63,0.63,278.87
1520812800,0.6,0.6,0.6,0.6,278.52
1520899200,0.58,0.58,0.58,0.58,276.72
1520985600,0.55,0.55,0.55,0.55,275.3
1521072000,0.53,0.53,0.53,0.53,275
1521158400,0.54,0.54,0.54,0.54,274.2
1521417600,0.54,0.54,0.54,0.54,270.49
1521504000,0.55,0.55,0.55,0.55,270.95
1521590400,0.58,0.58,0.58,0.58,270.43
1521676800,0.54,0.54,0.54,0.54,263.67
1521763200,0.54,0.54,0.54,0.54,258.05
1522022400,0.52,0.52,0.52,0.52,265.11
1522108800,0.52,0.52,0.52,0.52,260.6
1522195200,0.49,0.49,0.49,0.49,259.83
1522281600,0.47,0.47,0.47,0.47,263.15
1522627200,0.48,0.48,0.48,0.48,257.47
1522713600,0.51,0.51,0.51,0.51,260.77
1522800000,0.51,0.51,0.51,0.51,263.56
1522886400,0.53,0.53,0.53,0.53,265.64
1522972800,0.5,0.5,0.5,0.5,259.72
1523232000,0.49,0.49,0.49,0.49,261
1523318400,0.48,0.48,0.48,0.48,265.15
1523404800,0.47,0.47,0.47,0.47,263.76
1523491200,0.49,0.49,0.49,0.49,265.93
1523577600,0.45,0.45,0.45,0.45,265.15
1523836800,0.44,0.44,0.44,0.44,267.33
1523923200,0.41,0.41,0.41,0.41,270.19
1524009600,0.45,0.45,0.45,0.45,270.39
1524096000,0.48,0.48,0.48,0.48,268.89
1524182400,0.5,0.5,0.5,0.5,266.61
1524441600,0.49,0.49,0.49,0.49,266.57
1524528000,0.52,0.52,0.52,0.52,262.98
1524614400,0.54,0.54,0.54,0.54,263.63
1524700800,0.51,0.51,0.51,0.51,266.31
1524787200,0.47,0.47,0.47,0.47,266.56
1525046400,0.46,0.46,0.46,0.46,264.51
1525132800,0.47,0.47,0.47,0.47,264.98
1525219200,0.48,0.48,0.48,0.48,263.2
1525305600,0.45,0.45,0.45,0.45,262.62
1525392000,0.44,0.44,0.44,0.44,266.02
1525651200,0.46,0.46,0.46,0.46,266.92
1525737600,0.46,0.46,0.46,0.46,266.92
1525824000,0.46,0.46,0.46,0.46,269.5
1525910400,0.43,0.43,0.43,0.43,272.02
1525996800,0.43,0.43,0.43,0.43,272.85
1526256000,0.45,0.45,0.45,0.45,272.98
1526342400,0.5,0.5,0.5,0.5,271.1
1526428800,0.51,0.51,0.51,0.51,272.24
1526515200,0.54,0.54,0.54,0.54,272.01
1526601600,0.51,0.51,0.51,0.51,271.33
1526860800,0.48,0.48,0.48,0.48,273.37
1526947200,0.47,0.47,0.47,0.47,272.61
1527033600,0.48,0.48,0.48,0.48,273.36
1527120000,0.48,0.48,0.48,0.48,272.8
1527206400,0.45,0.45,0.45,0.45,272.15
1527552000,0.45,0.45,0.45,0.45,269.02
1527638400,0.42,0.42,0.42,0.42,272.61
1527724800,0.43,0.43,0.43,0.43,270.94
1527811200,0.42,0.42,0.42,0.42,273.6
1528070400,0.42,0.42,0.42,0.42,274.9
1528156800,0.43,0.43,0.43,0.43,275.1
1528243200,0.45,0.45,0.45,0.45,277.4
1528329600,0.43,0.43,0.43,0.43,277.37
1528416000,0.43,0.43,0.43,0.43,278.19
1528675200,0.44,0.44,0.44,0.44,278.56
1528761600,0.42,0.42,0.42,0.42,278.92
1528848000,0.39,0.39,0.39,0.39,278.03
1528934400,0.35,0.35,0.35,0.35,278.73
1529020800,0.38,0.38,0.38,0.38,277.13
1529280000,0.36,0.36,0.36,0.36,276.56
1529366400,0.35,0.35,0.35,0.35,275.5
1529452800,0.37,0.37,0.37,0.37,275.97
1529539200,0.34,0.34,0.34,0.34,274.24
1529625600,0.34,0.34,0.34,0.34,274.74
1529884800,0.33,0.33,0.33,0.33,271
1529971200,0.35,0.35,0.35,0.35,271.6
1530057600,0.31,0.31,0.31,0.31,269.35
1530144000,0.32,0.32,0.32,0.32,270.89
1530230400,0.33,0.33,0.33,0.33,271.28
1530489600,0.3,0.3,0.3,0.3,271.86
1530576000,0.3,0.3,0.3,0.3,270.9
1530748800,0.29,0.29,0.29,0.29,273.11
1530835200,0.29,0.29,0.29,0.29,275.42
1531094400,0.29,0.29,0.29,0.29,277.9
1531180800,0.28,0.28,0.28,0.28,278.9
1531267200,0.27,0.27,0.27,0.27,276.86
1531353600,0.25,0.25,0.25,0.25,279.37
1531440000,0.24,0.24,0.24,0.24,279.59
1531699200,0.26,0.26,0.26,0.26,279.34
1531785600,0.24,0.24,0.24,0.24,280.47
1531872000,0.28,0.28,0.28,0.28,281.06
1531958400,0.24,0.24,0.24,0.24,280
1532044800,0.29,0.29,0.29,0.29,279.68
1532304000,0.32,0.32,0.32,0.32,280.2
1532390400,0.32,0.32,0.32,0.32,281.61
1532476800,0.28,0.28,0.28,0.28,284.01
1532563200,0.29,0.29,0.29,0.29,283.34
1532649600,0.29,0.29,0.29,0.29,281.42
1532908800,0.32,0.32,0.32,0.32,279.95
1532995200,0.29,0.29,0.29,0.29,281.33
1533081600,0.33,0.33,0.33,0.33,280.86
1533168000,0.32,0.32,0.32,0.32,282.39
1533254400,0.32,0.32,0.32,0.32,283.6
1533513600,0.3,0.3,0.3,0.3,284.64
1533600000,0.3,0.3,0.3,0.3,285.58
1533686400,0.28,0.28,0.28,0.28,285.46
1533772800,0.29,0.29,0.29,0.29,285.07
1533859200,0.26,0.26,0.26,0.26,283.16
1534118400,0.27,0.27,0.27,0.27,282.1
1534204800,0.26,0.26,0.26,0.26,283.9
1534291200,0.25,0.25,0.25,0.25,281.78
1534377600,0.24,0.24,0.24,0.24,284.06
1534464000,0.26,0.26,0.26,0.26,285.06
1534723200,0.22,0.22,0.22,0.22,285.67
1534809600,0.24,0.24,0.24,0.24,286.34
1534896000,0.22,0.22,0.22,0.22,286.17
1534982400,0.21,0.21,0.21,0.21,285.79
1535068800,0.19,0.19,0.19,0.19,287.51
1535328000,0.18,0.18,0.18,0.18,289.78
1535414400,0.21,0.21,0.21,0.21,289.92
1535500800,0.22,0.22,0.22,0.22,291.48
1535587200,0.22,0.22,0.22,0.22,290.3
1535673600,0.24,0.24,0.24,0.24,290.31
1536019200,0.24,0.24,0.24,0.24,289.81
1536105600,0.24,0.24,0.24,0.24,289.03
1536192000,0.24,0.24,0.24,0.24,288.16
1536278400,0.23,0.23,0.23,0.23,287.6
1536537600,0.21,0.21,0.21,0.21,288.1
1536624000,0.22,0.22,0.22,0.22,289.05
1536710400,0.23,0.23,0.23,0.23,289.12
1536796800,0.21,0.21,0.21,0.21,290.83
1536883200,0.21,0.21,0.21,0.21,290.88
1537142400,0.21,0.21,0.21,0.21,289.34
1537228800,0.24,0.24,0.24,0.24,290.91
1537315200,0.27,0.27,0.27,0.27,291.22
1537401600,0.26,0.26,0.26,0.26,293.58
1537488000,0.26,0.26,0.26,0.26,291.99
1537747200,0.25,0.25,0.25,0.25,291.02
1537833600,0.27,0.27,0.27,0.27,290.75
1537920000,0.23,0.23,0.23,0.23,289.88
1538006400,0.23,0.23,0.23,0.23,290.69
1538092800,0.24,0.24,0.24,0.24,290.72
1538352000,0.27,0.27,0.27,0.27,291.73
1538438400,0.23,0.23,0.23,0.23,291.56
1538524800,0.3,0.3,0.3,0.3,291.72
1538611200,0.32,0.32,0.32,0.32,289.44
1538697600,0.35,0.35,0.35,0.35,287.82
1539043200,0.33,0.33,0.33,0.33,287.4
1539129600,0.34,0.34,0.34,0.34,278.3
1539216000,0.29,0.29,0.29,0.29,272.17
1539302400,0.3,0.3,0.3,0.3,275.95
1539561600,0.31,0.31,0.31,0.31,274.4
1539648000,0.29,0.29,0.29,0.29,280.4
1539734400,0.3,0.3,0.3,0.3,280.45
1539820800,0.3,0.3,0.3,0.3,276.4
1539907200,0.28,0.28,0.28,0.28,276.25
1540166400,0.28,0.28,0.28,0.28,275.01
1540252800,0.28,0.28,0.28,0.28,273.61
1540339200,0.26,0.26,0.26,0.26,265.32
1540425600,0.28,0.28,0.28,0.28,270.08
1540512000,0.27,0.27,0.27,0.27,265.33
1540771200,0.27,0.27,0.27,0.27,263.86
1540857600,0.28,0.28,0.28,0.28,267.77
1540944000,0.28,0.28,0.28,0.28,270.63
1541030400,0.3,0.3,0.3,0.3,273.51
1541116800,0.31,0.31,0.31,0.31,271.89
1541376000,0.29,0.29,0.29,0.29,273.39
1541462400,0.29,0.29,0.29,0.29,275.12
1541548800,0.26,0.26,0.26,0.26,281.01
1541635200,0.26,0.26,0.26,0.26,280.5
1541721600,0.25,0.25,0.25,0.25,277.76
1542067200,0.25,0.25,0.25,0.25,272.06
1542153600,0.26,0.26,0.26,0.26,270.2
1542240000,0.25,0.25,0.25,0.25,273.02
1542326400,0.27,0.27,0.27,0.27,273.73
1542585600,0.27,0.27,0.27,0.27,269.1
1542672000,0.27,0.27,0.27,0.27,264.12
1542758400,0.25,0.25,0.25,0.25,265.02
1542931200,0.24,0.24,0.24,0.24,263.25
1543190400,0.23,0.23,0.23,0.23,267.5
1543276800,0.23,0.23,0.23,0.23,268.4
1543363200,0.25,0.25,0.25,0.25,274.58
1543449600,0.22,0.22,0.22,0.22,273.98
1543536000,0.21,0.21,0.21,0.21,275.65
1543795200,0.15,0.15,0.15,0.15,279.3
1543881600,0.11,0.11,0.11,0.11,270.25
1544054400,0.12,0.12,0.12,0.12,269.84
1544140800,0.13,0.13,0.13,0.13,263.57
1544400000,0.13,0.13,0.13,0.13,264.07
1544486400,0.11,0.11,0.11,0.11,264.13
1544572800,0.14,0.14,0.14,0.14,265.46
1544659200,0.16,0.16,0.16,0.16,265.37
1544745600,0.16,0.16,0.16,0.16,260.47
1545004800,0.16,0.16,0.16,0.16,255.36
1545091200,0.17,0.17,0.17,0.17,255.08
1545177600,0.14,0.14,0.14,0.14,251.26
1545264000,0.12,0.12,0.12,0.12,247.17
1545350400,0.16,0.16,0.16,0.16,240.7
1545609600,0.19,0.19,0.19,0.19,234.34
1545782400,0.2,0.2,0.2,0.2,246.18
1545868800,0.21,0.21,0.21,0.21,248.07
1545955200,0.2,0.2,0.2,0.2,247.75
1546214400,0.21,0.21,0.21,0.21,249.92
1546387200,0.16,0.16,0.16,0.16,250.18
1546473600,0.17,0.17,0.17,0.17,244.21
1546560000,0.17,0.17,0.17,0.17,252.39
1546819200,0.17,0.17,0.17,0.17,254.38
1546905600,0.15,0.15,0.15,0.15,256.77
1546992000,0.18,0.18,0.18,0.18,257.97
1547078400,0.18,0.18,0.18,0.18,258.88
1547164800,0.16,0.16,0.16,0.16,258.98
1547424000,0.18,0.18,0.18,0.18,257.4
1547510400,0.19,0.19,0.19,0.19,260.35
1547596800,0.18,0.18,0.18,0.18,260.98
1547683200,0.19,0.19,0.19,0.19,262.96
1547769600,0.17,0.17,0.17,0.17,266.46
1548115200,0.16,0.16,0.16,0.16,262.86
1548201600,0.18,0.18,0.18,0.18,263.41
1548288000,0.16,0.16,0.16,0.16,263.55
1548374400,0.16,0.16,0.16,0.16,265.78
1548633600,0.15,0.15,0.15,0.15,263.76
1548720000,0.16,0.16,0.16,0.16,263.41
1548806400,0.18,0.18,0.18,0.18,267.58
1548892800,0.18,0.18,0.18,0.18,269.93
1548979200,0.18,0.18,0.18,0.18,270.06
1549238400,0.2,0.2,0.2,0.2,271.96
1549324800,0.18,0.18,0.18,0.18,273.1
1549411200,0.18,0.18,0.18,0.18,272.74
1549497600,0.17,0.17,0.17,0.17,270.14
1549584000,0.18,0.18,0.18,0.18,270.47
1549843200,0.17,0.17,0.17,0.17,270.62
1549929600,0.18,0.18,0.18,0.18,274.1
1550016000,0.18,0.18,0.18,0.18,274.99
1550102400,0.16,0.16,0.16,0.16,274.38
1550188800,0.14,0.14,0.14,0.14,277.37
1550534400,0.15,0.15,0.15,0.15,277.85
1550620800,0.15,0.15,0.15,0.15,278.41
1550707200,0.16,0.16,0.16,0.16,277.42
1550793600,0.17,0.17,0.17,0.17,279.14
1551052800,0.16,0.16,0.16,0.16,279.52
1551139200,0.16,0.16,0.16,0.16,279.32
1551225600,0.19,0.19,0.19,0.19,279.2
1551312000,0.21,0.21,0.21,0.21,278.68
1551398400,0.21,0.21,0.21,0.21,280.42
1551657600,0.17,0.17,0.17,0.17,279.4
1551744000,0.17,0.17,0.17,0.17,279.02
1551830400,0.17,0.17,0.17,0.17,277.33
1551916800,0.17,0.17,0.17,0.17,275.01
1552003200,0.17,0.17,0.17,0.17,274.46
1552262400,0.17,0.17,0.17,0.17,278.44
1552348800,0.16,0.16,0.16,0.16,279.49
1552435200,0.16,0.16,0.16,0.16,281.34
1552521600,0.17,0.17,0.17,0.17,281.16
1552608000,0.16,0.16,0.16,0.16,281.31
1552867200,0.15,0.15,0.15,0.15,282.33
1552953600,0.15,0.15,0.15,0.15,282.4
1553040000,0.14,0.14,0.14,0.14,281.55
1553126400,0.13,0.13,0.13,0.13,284.73
1553212800,0.13,0.13,0.13,0.13,279.25
1553472000,0.17,0.17,0.17,0.17,279.04
1553558400,0.17,0.17,0.17,0.17,281.12
1553644800,0.17,0.17,0.17,0.17,279.65
1553731200,0.16,0.16,0.16,0.16,280.71
1553817600,0.14,0.14,0.14,0.14,282.48
1554076800,0.16,0.16,0.16,0.16,285.83
1554163200,0.18,0.18,0.18,0.18,285.97
1554249600,0.19,0.19,0.19,0.19,286.42
1554336000,0.18,0.18,0.18,0.18,287.18
1554422400,0.15,0.15,0.15,0.15,288.57
1554681600,0.16,0.16,0.16,0.16,288.79
1554768000,0.16,0.16,0.16,0.16,287.31
1554854400,0.17,0.17,0.17,0.17,288.29
1554940800,0.16,0.16,0.16,0.16,288.21
1555027200,0.16,0.16,0.16,0.16,290.16
1555286400,0.15,0.15,0.15,0.15,289.97
1555372800,0.19,0.19,0.19,0.19,290.16
1555459200,0.19,0.19,0.19,0.19,289.45
1555545600,0.19,0.19,0.19,0.19,290.02
1555891200,0.21,0.21,0.21,0.21,290.27
1555977600,0.21,0.21,0.21,0.21,292.88
1556064000,0.21,0.21,0.21,0.21,292.23
1556150400,0.21,0.21,0.21,0.21,292.05
1556236800,0.23,0.23,0.23,0.23,293.41
1556496000,0.24,0.24,0.24,0.24,293.87
1556582400,0.24,0.24,0.24,0.24,294.02
1556668800,0.21,0.21,0.21,0.21,291.81
1556755200,0.2,0.2,0.2,0.2,291.18
1556841600,0.21,0.21,0.21,0.21,294.03
1557100800,0.2,0.2,0.2,0.2,292.82
1557187200,0.17,0.17,0.17,0.17,287.93
1557273600,0.19,0.19,0.19,0.19,287.53
1557360000,0.19,0.19,0.19,0.19,286.66
1557446400,0.21,0.21,0.21,0.21,288.1
1557705600,0.22,0.22,0.22,0.22,280.86
1557792000,0.22,0.22,0.22,0.22,283.4
1557878400,0.21,0.21,0.21,0.21,285.06
1557964800,0.2,0.2,0.2,0.2,287.7
1558051200,0.19,0.19,0.19,0.19,285.84
1558310400,0.2,0.2,0.2,0.2,283.95
1558396800,0.17,0.17,0.17,0.17,286.51
1558483200,0.16,0.16,0.16,0.16,285.63
1558569600,0.19,0.19,0.19,0.19,282.14
1558656000,0.16,0.16,0.16,0.16,282.78
1559001600,0.14,0.14,0.14,0.14,280.15
1559088000,0.16,0.16,0.16,0.16,278.27
1559174400,0.16,0.16,0.16,0.16,279.03
1559260800,0.19,0.19,0.19,0.19,275.27
1559520000,0.25,0.25,0.25,0.25,274.57
1559606400,0.24,0.24,0.24,0.24,280.53
1559692800,0.29,0.29,0.29,0.29,282.96
1559779200,0.24,0.24,0.24,0.24,284.8
1559865600,0.24,0.24,0.24,0.24,287.65
1560124800,0.25,0.25,0.25,0.25,288.97
1560211200,0.22,0.22,0.22,0.22,288.9
1560297600,0.25,0.25,0.25,0.25,288.39
1560384000,0.27,0.27,0.27,0.27,289.58
1560470400,0.25,0.25,0.25,0.25,289.26
1560729600,0.23,0.23,0.23,0.23,289.37
1560816000,0.2,0.2,0.2,0.2,292.4
1560902400,0.29,0.29,0.29,0.29,293.06
1560988800,0.29,0.29,0.29,0.29,295.86
1561075200,0.3,0.3,0.3,0.3,294
1561334400,0.3,0.3,0.3,0.3,293.64
1561420800,0.29,0.29,0.29,0.29,290.76
1561507200,0.28,0.28,0.28,0.28,290.47
1561593600,0.27,0.27,0.27,0.27,291.5
1561680000,0.25,0.25,0.25,0.25,293
1561939200,0.25,0.25,0.25,0.25,295.66
1562025600,0.21,0.21,0.21,0.21,296.43
1562112000,0.19,0.19,0.19,0.19,298.8
1562284800,0.17,0.17,0.17,0.17,298.46
1562544000,0.17,0.17,0.17,0.17,296.82
1562630400,0.15,0.15,0.15,0.15,297.19
1562716800,0.25,0.25,0.25,0.25,298.61
1562803200,0.28,0.28,0.28,0.28,299.31
1562889600,0.28,0.28,0.28,0.28,300.65
1563148800,0.26,0.26,0.26,0.26,300.75
1563235200,0.26,0.26,0.26,0.26,299.71
1563321600,0.23,0.23,0.23,0.23,297.74
1563408000,0.27,0.27,0.27,0.27,298.83
1563494400,0.25,0.25,0.25,0.25,297.17
1563753600,0.25,0.25,0.25,0.25,297.9
1563840000,0.25,0.25,0.25,0.25,300.03
1563926400,0.22,0.22,0.22,0.22,301.44
1564012800,0.22,0.22,0.22,0.22,300
1564099200,0.22,0.22,0.22,0.22,302.01
1564358400,0.21,0.21,0.21,0.21,301.46
1564444800,0.21,0.21,0.21,0.21,300.72
1564531200,0.13,0.13,0.13,0.13,297.43
1564617600,0.17,0.17,0.17,0.17,294.84
1564704000,0.14,0.14,0.14,0.14,292.62
1564963200,0.16,0.16,0.16,0.16,283.82
1565049600,0.13,0.13,0.13,0.13,287.8
1565136000,0.12,0.12,0.12,0.12,287.97
1565222400,0.1,0.1,0.1,0.1,293.62
1565308800,0.11,0.11,0.11,0.11,291.62
1565568000,0.07,0.07,0.07,0.07,288.07
1565654400,0.02,0.02,0.02,0.02,292.55
1565740800,0.01,0.01,0.01,0.01,283.9
1565827200,0.04,0.04,0.04,0.04,284.65
1565913600,0.07,0.07,0.07,0.07,288.85
1566172800,0.07,0.07,0.07,0.07,292.33
1566259200,0.05,0.05,0.05,0.05,290.09
1566345600,0.03,0.03,0.03,0.03,292.45
1566432000,0.01,0.01,0.01,0.01,292.36
1566518400,0.01,0.01,0.01,0.01,284.85
1566777600,0,0,0,0,288
1566864000,-0.04,-0.04,-0.04,-0.04,286.87
1566950400,-0.03,-0.03,-0.03,-0.03,288.89
1567036800,-0.03,-0.03,-0.03,-0.03,292.58
1567123200,0,0,0,0,292.45
1567468800,0,0,0,0,290.74
1567555200,0.04,0.04,0.04,0.04,294.04
1567641600,0.02,0.02,0.02,0.02,297.82
1567728000,0.02,0.02,0.02,0.02,298.05
1567987200,0.05,0.05,0.05,0.05,298.2
1568073600,0.05,0.05,0.05,0.05,298.13
1568160000,0.07,0.07,0.07,0.07,300.25
1568246400,0.07,0.07,0.07,0.07,301.29
1568332800,0.11,0.11,0.11,0.11,301.09
1568592000,0.1,0.1,0.1,0.1,300.16
1568678400,0.09,0.09,0.09,0.09,300.92
1568764800,0.03,0.03,0.03,0.03,301.1
1568851200,0.05,0.05,0.05,0.05,301.08
1568937600,0.05,0.05,0.05,0.05,298.28
1569196800,0.04,0.04,0.04,0.04,298.21
1569283200,0.04,0.04,0.04,0.04,295.87
1569369600,0.05,0.05,0.05,0.05,297.62
1569456000,0.04,0.04,0.04,0.04,297
1569542400,0.06,0.06,0.06,0.06,295.4
1569801600,0.05,0.05,0.05,0.05,296.77
1569888000,0.09,0.09,0.09,0.09,293.24
1569974400,0.12,0.12,0.12,0.12,288.06
1570060800,0.15,0.15,0.15,0.15,290.42
1570147200,0.12,0.12,0.12,0.12,294.35
1570406400,0.1,0.1,0.1,0.1,293.08
1570492800,0.12,0.12,0.12,0.12,288.53
1570579200,0.12,0.12,0.12,0.12,291.27
1570665600,0.14,0.14,0.14,0.14,293.24
1570752000,0.13,0.13,0.13,0.13,296.28
1571097600,0.16,0.16,0.16,0.16,298.88
1571184000,0.17,0.17,0.17,0.17,298.4
1571270400,0.16,0.16,0.16,0.16,299.28
1571356800,0.18,0.18,0.18,0.18,297.97
1571616000,0.18,0.18,0.18,0.18,299.99
1571702400,0.18,0.18,0.18,0.18,299.01
1571788800,0.19,0.19,0.19,0.19,299.88
1571875200,0.19,0.19,0.19,0.19,300.37
1571961600,0.17,0.17,0.17,0.17,301.6
1572220800,0.21,0.21,0.21,0.21,303.3
1572307200,0.2,0.2,0.2,0.2,303.21
1572393600,0.17,0.17,0.17,0.17,304.14
1572480000,0.17,0.17,0.17,0.17,303.33
1572566400,0.17,0.17,0.17,0.17,306.14
1572825600,0.19,0.19,0.19,0.19,307.37
1572912000,0.23,0.23,0.23,0.23,307.03
1572998400,0.2,0.2,0.2,0.2,307.1
1573084800,0.24,0.24,0.24,0.24,308.18
1573171200,0.26,0.26,0.26,0.26,308.94
1573516800,0.26,0.26,0.26,0.26,309
1573603200,0.25,0.25,0.25,0.25,309.1
1573689600,0.24,0.24,0.24,0.24,309.55
1573776000,0.23,0.23,0.23,0.23,311.79
1574035200,0.21,0.21,0.21,0.21,312.02
1574121600,0.19,0.19,0.19,0.19,311.93
1574208000,0.17,0.17,0.17,0.17,310.77
1574294400,0.17,0.17,0.17,0.17,310.27
1574380800,0.16,0.16,0.16,0.16,310.96
1574640000,0.15,0.15,0.15,0.15,313.37
1574726400,0.16,0.16,0.16,0.16,314.08
1574812800,0.14,0.14,0.14,0.14,315.48
1574985600,0.17,0.17,0.17,0.17,314.31
1575244800,0.22,0.22,0.22,0.22,311.64
1575331200,0.19,0.19,0.19,0.19,309.55
1575417600,0.19,0.19,0.19,0.19,311.46
1575504000,0.22,0.22,0.22,0.22,312.02
1575590400,0.23,0.23,0.23,0.23,314.87
1575849600,0.2,0.2,0.2,0.2,313.88
1575936000,0.2,0.2,0.2,0.2,313.53
1576022400,0.18,0.18,0.18,0.18,314.42
1576108800,0.24,0.24,0.24,0.24,317.13
1576195200,0.21,0.21,0.21,0.21,317.32
1576454400,0.24,0.24,0.24,0.24,319.5
1576540800,0.26,0.26,0.26,0.26,319.57
1576627200,0.29,0.29,0.29,0.29,319.59
1576713600,0.3,0.3,0.3,0.3,320.9
1576800000,0.29,0.29,0.29,0.29,320.73
1577059200,0.29,0.29,0.29,0.29,321.22
1577145600,0.28,0.28,0.28,0.28,321.23
1577318400,0.26,0.26,0.26,0.26,322.94
1577404800,0.29,0.29,0.29,0.29,322.86
1577664000,0.32,0.32,0.32,0.32,321.08
1577750400,0.34,0.34,0.34,0.34,321.86
1577923200,0.3,0.3,0.3,0.3,324.87
1578009600,0.27,0.27,0.27,0.27,322.41
1578268800,0.27,0.27,0.27,0.27,323.64
1578355200,0.29,0.29,0.29,0.29,322.73
1578441600,0.29,0.29,0.29,0.29,324.45
1578528000,0.27,0.27,0.27,0.27,326.65
1578614400,0.27,0.27,0.27,0.27,325.71
1578873600,0.27,0.27,0.27,0.27,327.95
1578960000,0.24,0.24,0.24,0.24,327.45
1579046400,0.23,0.23,0.23,0.23,328.19
1579132800,0.23,0.23,0.23,0.23,330.92
1579219200,0.26,0.26,0.26,0.26,331.95
1579564800,0.25,0.25,0.25,0.25,331.3
1579651200,0.24,0.24,0.24,0.24,331.34
1579737600,0.23,0.23,0.23,0.23,331.72
1579824000,0.21,0.21,0.21,0.21,328.77
1580083200,0.17,0.17,0.17,0.17,323.5
1580169600,0.2,0.2,0.2,0.2,326.89
1580256000,0.18,0.18,0.18,0.18,326.62
1580342400,0.16,0.16,0.16,0.16,327.68
1580428800,0.18,0.18,0.18,0.18,321.73
1580688000,0.18,0.18,0.18,0.18,324.12
1580774400,0.2,0.2,0.2,0.2,329.06
1580860800,0.22,0.22,0.22,0.22,332.86
1580947200,0.21,0.21,0.21,0.21,333.98
1581033600,0.18,0.18,0.18,0.18,332.2
1581292800,0.19,0.19,0.19,0.19,334.68
1581379200,0.18,0.18,0.18,0.18,335.26
1581465600,0.18,0.18,0.18,0.18,337.42
1581552000,0.17,0.17,0.17,0.17,337.06
1581638400,0.17,0.17,0.17,0.17,337.6
1581984000,0.14,0.14,0.14,0.14,336.73
1582070400,0.14,0.14,0.14,0.14,338.34
1582156800,0.13,0.13,0.13,0.13,336.95
1582243200,0.12,0.12,0.12,0.12,333.48
1582502400,0.12,0.12,0.12,0.12,322.42
1582588800,0.13,0.13,0.13,0.13,312.65
1582675200,0.17,0.17,0.17,0.17,311.5
1582761600,0.19,0.19,0.19,0.19,297.51
1582848000,0.27,0.27,0.27,0.27,296.26
1583107200,0.26,0.26,0.26,0.26,309.09
1583193600,0.31,0.31,0.31,0.31,300.24
1583280000,0.35,0.35,0.35,0.35,312.86
1583366400,0.33,0.33,0.33,0.33,302.46
1583452800,0.25,0.25,0.25,0.25,297.46
1583712000,0.16,0.16,0.16,0.16,274.23
1583798400,0.26,0.26,0.26,0.26,288.42
1583884800,0.32,0.32,0.32,0.32,274.36
1583971200,0.38,0.38,0.38,0.38,248.11
1584057600,0.45,0.45,0.45,0.45,269.32
1584316800,0.37,0.37,0.37,0.37,239.85
1584403200,0.55,0.55,0.55,0.55,252.8
1584489600,0.64,0.64,0.64,0.64,240
1584576000,0.68,0.68,0.68,0.68,240.51
1584662400,0.55,0.55,0.55,0.55,228.8
1584921600,0.48,0.48,0.48,0.48,222.95
1585008000,0.46,0.46,0.46,0.46,243.15
1585094400,0.54,0.54,0.54,0.54,246.79
1585180800,0.53,0.53,0.53,0.53,261.2
1585267200,0.47,0.47,0.47,0.47,253.42
1585526400,0.47,0.47,0.47,0.47,261.65
1585612800,0.47,0.47,0.47,0.47,257.75
1585699200,0.39,0.39,0.39,0.39,246.15
1585785600,0.4,0.4,0.4,0.4,251.83
1585872000,0.39,0.39,0.39,0.39,248.19
1586131200,0.4,0.4,0.4,0.4,264.86
1586217600,0.47,0.47,0.47,0.47,265.13
1586304000,0.5,0.5,0.5,0.5,274.03
1586390400,0.5,0.5,0.5,0.5,278.2
1586736000,0.51,0.51,0.51,0.51,275.66
1586822400,0.53,0.53,0.53,0.53,283.79
1586908800,0.43,0.43,0.43,0.43,277.76
1586995200,0.41,0.41,0.41,0.41,279.1
1587081600,0.45,0.45,0.45,0.45,286.64
1587340800,0.43,0.43,0.43,0.43,281.59
1587427200,0.38,0.38,0.38,0.38,273.04
1587513600,0.41,0.41,0.41,0.41,279.1
1587600000,0.39,0.39,0.39,0.39,279.08
1587686400,0.38,0.38,0.38,0.38,282.97
1587945600,0.43,0.43,0.43,0.43,287.05
1588032000,0.42,0.42,0.42,0.42,285.73